"1647239463-243","https://kissasian.la/asian-drama-list/","You Are The Only One","https://kissasian.la/you-are-the-only-one/","You Are The Only One Episode 14","https://kissasian.la/you-are-the-only-one-episode-14/","https://asianembed.io/streaming.php?id=NDAwOTE=&title=You+Are+The+Only+One+episode+14&typesub=SUB"
"1647238976-147","https://kissasian.la/asian-drama-list/","Your Honor (2018)","https://kissasian.la/your-honor-2018/","Your Honor (2018)  Episode 4","https://kissasian.la/your-honor-2018-episode-4/","https://asianembed.io/streaming.php?id=MTQ3NjIy&title=+Your+Honor+%282018%29++episode+4&typesub=SUB"
"1647239365-224","https://kissasian.la/asian-drama-list/","You Are Too Much","https://kissasian.la/you-are-too-much/","You Are Too Much Episode 45","https://kissasian.la/you-are-too-much-episode-45/","https://asianembed.io/streaming.php?id=MTIwNzU0&title=You+Are+Too+Much+episode+45&typesub=SUB"
"1647239724-274","https://kissasian.la/asian-drama-list/","You Are The Only One","https://kissasian.la/you-are-the-only-one/","You Are The Only One Episode 45","https://kissasian.la/you-are-the-only-one-episode-45/","https://asianembed.io/streaming.php?id=NDY0OTY=&title=You+Are+The+Only+One+episode+45&typesub=SUB"
"1647239505-249","https://kissasian.la/asian-drama-list/","You Are The Only One","https://kissasian.la/you-are-the-only-one/","You Are The Only One Episode 20","https://kissasian.la/you-are-the-only-one-episode-20/","https://asianembed.io/streaming.php?id=NDE5NDE=&title=You+Are+The+Only+One+episode+20&typesub=SUB"
"1647238934-139","https://kissasian.la/asian-drama-list/","Your House Helper","https://kissasian.la/your-house-helper/","Your House Helper Episode 12","https://kissasian.la/your-house-helper-episode-12/","https://asianembed.io/streaming.php?id=MTQ3OTU0&title=Your+House+Helper+episode+12&typesub=SUB"
"1647238985-149","https://kissasian.la/asian-drama-list/","Your Honor (2018)","https://kissasian.la/your-honor-2018/","Your Honor (2018)  Episode 6","https://kissasian.la/your-honor-2018-episode-6/","https://asianembed.io/streaming.php?id=MTQ4MjYy&title=+Your+Honor+%282018%29++episode+6&typesub=SUB"
"1647238551-68","https://kissasian.la/asian-drama-list/","Youre the Best Lee Soon Shin","https://kissasian.la/youre-the-best-lee-soon-shin/","Youre the Best Lee Soon Shin Episode 36","https://kissasian.la/youre-the-best-lee-soon-shin-episode-36/","https://asianembed.io/streaming.php?id=MTIyNTQ=&title=Youre+the+Best+Lee+Soon+Shin+episode+36&typesub=SUB"
"1647238697-97","https://kissasian.la/asian-drama-list/","Youre Beautiful","https://kissasian.la/youre-beautiful/","Youre Beautiful Episode 15","https://kissasian.la/youre-beautiful-episode-15/","https://asianembed.io/streaming.php?id=NDkwOA==&title=Youre+Beautiful+episode+15&typesub=SUB"
"1647239224-196","https://kissasian.la/asian-drama-list/","You Are Too Much","https://kissasian.la/you-are-too-much/","You Are Too Much Episode 17","https://kissasian.la/you-are-too-much-episode-17/","https://asianembed.io/streaming.php?id=MTEyMzU2&title=You+Are+Too+Much+episode+17&typesub=SUB"
"1647239420-234","https://kissasian.la/asian-drama-list/","You Are The Only One","https://kissasian.la/you-are-the-only-one/","You Are The Only One Episode 5","https://kissasian.la/you-are-the-only-one-episode-5/","https://asianembed.io/streaming.php?id=MzcxOTQ=&title=You+Are+The+Only+One+episode+5&typesub=SUB"
"1647238537-65","https://kissasian.la/asian-drama-list/","Youre the Best Lee Soon Shin","https://kissasian.la/youre-the-best-lee-soon-shin/","Youre the Best Lee Soon Shin Episode 33","https://kissasian.la/youre-the-best-lee-soon-shin-episode-33/","https://asianembed.io/streaming.php?id=MTIyNTE=&title=Youre+the+Best+Lee+Soon+Shin+episode+33&typesub=SUB"
"1647239813-283","https://kissasian.la/asian-drama-list/","You Are The Only One","https://kissasian.la/you-are-the-only-one/","You Are The Only One Episode 54","https://kissasian.la/you-are-the-only-one-episode-54/","https://asianembed.io/streaming.php?id=NDgzMzM=&title=You+Are+The+Only+One+episode+54&typesub=SUB"
"1647239086-168","https://kissasian.la/asian-drama-list/","You Make Me Dance (2021)","https://kissasian.la/you-make-me-dance-2021/","You Make Me Dance (2021) Episode 1","https://kissasian.la/you-make-me-dance-2021-episode-1/","https://asianembed.io/streaming.php?id=MjMxODA0&title=You+Make+Me+Dance+%282021%29+episode+1&typesub=SUB"
"1647239270-205","https://kissasian.la/asian-drama-list/","You Are Too Much","https://kissasian.la/you-are-too-much/","You Are Too Much Episode 26","https://kissasian.la/you-are-too-much-episode-26/","https://asianembed.io/streaming.php?id=MTE1Mjgy&title=You+Are+Too+Much+episode+26&typesub=SUB"
"1647239200-191","https://kissasian.la/asian-drama-list/","You Are Too Much","https://kissasian.la/you-are-too-much/","You Are Too Much Episode 12","https://kissasian.la/you-are-too-much-episode-12/","https://asianembed.io/streaming.php?id=MTEwMTY3&title=You+Are+Too+Much+episode+12&typesub=SUB"
"1647239067-165","https://kissasian.la/asian-drama-list/","You Raise Me Up (2021)","https://kissasian.la/you-raise-me-up-2021/","You Raise Me Up (2021) Episode 6","https://kissasian.la/you-raise-me-up-2021-episode-6/","https://asianembed.io/streaming.php?id=MjgwMjEz&title=You+Raise+Me+Up+%282021%29+episode+6&typesub=SUB"
"1647239574-259","https://kissasian.la/asian-drama-list/","You Are The Only One","https://kissasian.la/you-are-the-only-one/","You Are The Only One Episode 30","https://kissasian.la/you-are-the-only-one-episode-30/","https://asianembed.io/streaming.php?id=NDM2NDM=&title=You+Are+The+Only+One+episode+30&typesub=SUB"
"1647239533-253","https://kissasian.la/asian-drama-list/","You Are The Only One","https://kissasian.la/you-are-the-only-one/","You Are The Only One Episode 24","https://kissasian.la/you-are-the-only-one-episode-24/","https://asianembed.io/streaming.php?id=NDI5MTM=&title=You+Are+The+Only+One+episode+24&typesub=SUB"
"1647239009-154","https://kissasian.la/asian-drama-list/","Your Honor (2018)","https://kissasian.la/your-honor-2018/","Your Honor (2018)  Episode 11","https://kissasian.la/your-honor-2018-episode-11/","https://asianembed.io/streaming.php?id=MTQ5MTQ2&title=+Your+Honor+%282018%29++episode+11&typesub=SUB"
"1647238994-151","https://kissasian.la/asian-drama-list/","Your Honor (2018)","https://kissasian.la/your-honor-2018/","Your Honor (2018)  Episode 8","https://kissasian.la/your-honor-2018-episode-8/","https://asianembed.io/streaming.php?id=MTQ4MzIx&title=+Your+Honor+%282018%29++episode+8&typesub=SUB"
"1647238348-27","https://kissasian.la/asian-drama-list/","Youth of May (2021)","https://kissasian.la/youth-of-may-2021/","Youth of May (2021) Episode 7","https://kissasian.la/youth-of-may-2021-episode-7/","https://asianembed.io/streaming.php?id=MjUzMzUz&title=Youth+of+May+%282021%29+episode+7&typesub=SUB"
"1647238588-76","https://kissasian.la/asian-drama-list/","Youre the Best Lee Soon Shin","https://kissasian.la/youre-the-best-lee-soon-shin/","Youre the Best Lee Soon Shin Episode 44","https://kissasian.la/youre-the-best-lee-soon-shin-episode-44/","https://asianembed.io/streaming.php?id=MTIyNjI=&title=Youre+the+Best+Lee+Soon+Shin+episode+44&typesub=SUB"
"1647239322-216","https://kissasian.la/asian-drama-list/","You Are Too Much","https://kissasian.la/you-are-too-much/","You Are Too Much Episode 37","https://kissasian.la/you-are-too-much-episode-37/","https://asianembed.io/streaming.php?id=MTE4NDc5&title=You+Are+Too+Much+episode+37&typesub=SUB"
"1647238593-77","https://kissasian.la/asian-drama-list/","Youre the Best Lee Soon Shin","https://kissasian.la/youre-the-best-lee-soon-shin/","Youre the Best Lee Soon Shin Episode 45","https://kissasian.la/youre-the-best-lee-soon-shin-episode-45/","https://asianembed.io/streaming.php?id=MTIyNjM=&title=Youre+the+Best+Lee+Soon+Shin+episode+45&typesub=SUB"
"1647238795-112","https://kissasian.la/asian-drama-list/","Youre All Surrounded","https://kissasian.la/youre-all-surrounded/","Youre All Surrounded Episode 13","https://kissasian.la/youre-all-surrounded-episode-13/","https://asianembed.io/streaming.php?id=MTg2ODg=&title=Youre+All+Surrounded+episode+13&typesub=SUB"
"1647239187-188","https://kissasian.la/asian-drama-list/","You Are Too Much","https://kissasian.la/you-are-too-much/","You Are Too Much Episode 9","https://kissasian.la/you-are-too-much-episode-9/","https://asianembed.io/streaming.php?id=MTA5NTc1&title=You+Are+Too+Much+episode+9&typesub=SUB"
"1647239398-230","https://kissasian.la/asian-drama-list/","You Are The Only One","https://kissasian.la/you-are-the-only-one/","You Are The Only One Episode 1","https://kissasian.la/you-are-the-only-one-episode-1/","https://asianembed.io/streaming.php?id=MzY2OTI=&title=You+Are+The+Only+One+episode+1&typesub=SUB"
"1647239384-228","https://kissasian.la/asian-drama-list/","You Are Too Much","https://kissasian.la/you-are-too-much/","You Are Too Much Episode 49","https://kissasian.la/you-are-too-much-episode-49/","https://asianembed.io/streaming.php?id=MTIzMDU2&title=You+Are+Too+Much+episode+49&typesub=SUB"
"1647238299-19","https://kissasian.la/asian-drama-list/","Youtuber Class (2020)","https://kissasian.la/youtuber-class-2020/","Youtuber Class (2020) Episode 3","https://kissasian.la/youtuber-class-2020-episode-3/","https://asianembed.io/streaming.php?id=MjI3MzQ4&title=Youtuber+Class+%282020%29+episode+3&typesub=SUB"
"1647239764-278","https://kissasian.la/asian-drama-list/","You Are The Only One","https://kissasian.la/you-are-the-only-one/","You Are The Only One Episode 49","https://kissasian.la/you-are-the-only-one-episode-49/","https://asianembed.io/streaming.php?id=NDczMjk=&title=You+Are+The+Only+One+episode+49&typesub=SUB"
"1647238376-32","https://kissasian.la/asian-drama-list/","Youth of May (2021)","https://kissasian.la/youth-of-may-2021/","Youth of May (2021) Episode 12","https://kissasian.la/youth-of-may-2021-episode-12/","https://asianembed.io/streaming.php?id=MjU2NTUy&title=Youth+of+May+%282021%29+episode+12&typesub=SUB"
"1647238685-95","https://kissasian.la/asian-drama-list/","Youre Beautiful","https://kissasian.la/youre-beautiful/","Youre Beautiful Episode 13","https://kissasian.la/youre-beautiful-episode-13/","https://asianembed.io/streaming.php?id=NDkwNg==&title=Youre+Beautiful+episode+13&typesub=SUB"
"1647238475-52","https://kissasian.la/asian-drama-list/","Youre the Best Lee Soon Shin","https://kissasian.la/youre-the-best-lee-soon-shin/","Youre the Best Lee Soon Shin Episode 20","https://kissasian.la/youre-the-best-lee-soon-shin-episode-20/","https://asianembed.io/streaming.php?id=MTIyMzg=&title=Youre+the+Best+Lee+Soon+Shin+episode+20&typesub=SUB"
"1647239182-187","https://kissasian.la/asian-drama-list/","You Are Too Much","https://kissasian.la/you-are-too-much/","You Are Too Much Episode 8","https://kissasian.la/you-are-too-much-episode-8/","https://asianembed.io/streaming.php?id=MTA4Nzg0&title=You+Are+Too+Much+episode+8&typesub=SUB"
"1647238919-136","https://kissasian.la/asian-drama-list/","Your House Helper","https://kissasian.la/your-house-helper/","Your House Helper Episode 9","https://kissasian.la/your-house-helper-episode-9/","https://asianembed.io/streaming.php?id=MTQ3NjI3&title=Your+House+Helper+episode+9&typesub=SUB"
"1647239803-281","https://kissasian.la/asian-drama-list/","You Are The Only One","https://kissasian.la/you-are-the-only-one/","You Are The Only One Episode 52","https://kissasian.la/you-are-the-only-one-episode-52/","https://asianembed.io/streaming.php?id=NDc5NzI=&title=You+Are+The+Only+One+episode+52&typesub=SUB"
"1647238414-39","https://kissasian.la/asian-drama-list/","Youre the Best Lee Soon Shin","https://kissasian.la/youre-the-best-lee-soon-shin/","Youre the Best Lee Soon Shin Episode 7","https://kissasian.la/youre-the-best-lee-soon-shin-episode-7/","https://asianembed.io/streaming.php?id=MTIyMjU=&title=Youre+the+Best+Lee+Soon+Shin+episode+7&typesub=SUB"
"1647239549-255","https://kissasian.la/asian-drama-list/","You Are The Only One","https://kissasian.la/you-are-the-only-one/","You Are The Only One Episode 26","https://kissasian.la/you-are-the-only-one-episode-26/","https://asianembed.io/streaming.php?id=NDMyMjA=&title=You+Are+The+Only+One+episode+26&typesub=SUB"
"1647238948-142","https://kissasian.la/asian-drama-list/","Your House Helper","https://kissasian.la/your-house-helper/","Your House Helper Episode 15","https://kissasian.la/your-house-helper-episode-15/","https://asianembed.io/streaming.php?id=MTQ4NzEy&title=Your+House+Helper+episode+15&typesub=SUB"
"1647238320-22","https://kissasian.la/asian-drama-list/","Youth of May (2021)","https://kissasian.la/youth-of-may-2021/","Youth of May (2021) Episode 2","https://kissasian.la/youth-of-may-2021-episode-2/","https://asianembed.io/streaming.php?id=MjUwMTQw&title=Youth+of+May+%282021%29+episode+2&typesub=SUB"
"1647238288-17","https://kissasian.la/asian-drama-list/","Youtuber Class (2020)","https://kissasian.la/youtuber-class-2020/","Youtuber Class (2020) Episode 1","https://kissasian.la/youtuber-class-2020-episode-1/","https://asianembed.io/streaming.php?id=MjI3MzQ2&title=Youtuber+Class+%282020%29+episode+1&typesub=SUB"
"1647238494-56","https://kissasian.la/asian-drama-list/","Youre the Best Lee Soon Shin","https://kissasian.la/youre-the-best-lee-soon-shin/","Youre the Best Lee Soon Shin Episode 24","https://kissasian.la/youre-the-best-lee-soon-shin-episode-24/","https://asianembed.io/streaming.php?id=MTIyNDI=&title=Youre+the+Best+Lee+Soon+Shin+episode+24&typesub=SUB"
"1647238409-38","https://kissasian.la/asian-drama-list/","Youre the Best Lee Soon Shin","https://kissasian.la/youre-the-best-lee-soon-shin/","Youre the Best Lee Soon Shin Episode 6","https://kissasian.la/youre-the-best-lee-soon-shin-episode-6/","https://asianembed.io/streaming.php?id=MTIyMjQ=&title=Youre+the+Best+Lee+Soon+Shin+episode+6&typesub=SUB"
"1647239478-245","https://kissasian.la/asian-drama-list/","You Are The Only One","https://kissasian.la/you-are-the-only-one/","You Are The Only One Episode 16","https://kissasian.la/you-are-the-only-one-episode-16/","https://asianembed.io/streaming.php?id=NDA0ODg=&title=You+Are+The+Only+One+episode+16&typesub=SUB"
"1647238757-104","https://kissasian.la/asian-drama-list/","Youre All Surrounded","https://kissasian.la/youre-all-surrounded/","Youre All Surrounded Episode 5","https://kissasian.la/youre-all-surrounded-episode-5/","https://asianembed.io/streaming.php?id=MTU1NzM=&title=Youre+All+Surrounded+episode+5&typesub=SUB"
"1647238943-141","https://kissasian.la/asian-drama-list/","Your House Helper","https://kissasian.la/your-house-helper/","Your House Helper Episode 14","https://kissasian.la/your-house-helper-episode-14/","https://asianembed.io/streaming.php?id=MTQ4MzE5&title=Your+House+Helper+episode+14&typesub=SUB"
"1647239637-264","https://kissasian.la/asian-drama-list/","You Are The Only One","https://kissasian.la/you-are-the-only-one/","You Are The Only One Episode 35","https://kissasian.la/you-are-the-only-one-episode-35/","https://asianembed.io/streaming.php?id=NDQxNzg=&title=You+Are+The+Only+One+episode+35&typesub=SUB"
"1647239510-250","https://kissasian.la/asian-drama-list/","You Are The Only One","https://kissasian.la/you-are-the-only-one/","You Are The Only One Episode 21","https://kissasian.la/you-are-the-only-one-episode-21/","https://asianembed.io/streaming.php?id=NDIxNzg=&title=You+Are+The+Only+One+episode+21&typesub=SUB"
"1647238929-138","https://kissasian.la/asian-drama-list/","Your House Helper","https://kissasian.la/your-house-helper/","Your House Helper Episode 11","https://kissasian.la/your-house-helper-episode-11/","https://asianembed.io/streaming.php?id=MTQ3OTUz&title=Your+House+Helper+episode+11&typesub=SUB"
"1647239796-280","https://kissasian.la/asian-drama-list/","You Are The Only One","https://kissasian.la/you-are-the-only-one/","You Are The Only One Episode 51","https://kissasian.la/you-are-the-only-one-episode-51/","https://asianembed.io/streaming.php?id=NDc4NDc=&title=You+Are+The+Only+One+episode+51&typesub=SUB"
"1647238466-50","https://kissasian.la/asian-drama-list/","Youre the Best Lee Soon Shin","https://kissasian.la/youre-the-best-lee-soon-shin/","Youre the Best Lee Soon Shin Episode 18","https://kissasian.la/youre-the-best-lee-soon-shin-episode-18/","https://asianembed.io/streaming.php?id=MTIyMzY=&title=Youre+the+Best+Lee+Soon+Shin+episode+18&typesub=SUB"
"1647238915-135","https://kissasian.la/asian-drama-list/","Your House Helper","https://kissasian.la/your-house-helper/","Your House Helper Episode 8","https://kissasian.la/your-house-helper-episode-8/","https://asianembed.io/streaming.php?id=MTQ3MTYx&title=Your+House+Helper+episode+8&typesub=SUB"
"1647238859-125","https://kissasian.la/asian-drama-list/","Your Playlist (2021)","https://kissasian.la/your-playlist-2021/","Your Playlist (2021) Episode 6","https://kissasian.la/your-playlist-2021-episode-6/","https://asianembed.io/streaming.php?id=Mjg2MTgx&title=Your+Playlist+%282021%29+episode+6&typesub=SUB"
"1647238395-35","https://kissasian.la/asian-drama-list/","Youre the Best Lee Soon Shin","https://kissasian.la/youre-the-best-lee-soon-shin/","Youre the Best Lee Soon Shin Episode 3","https://kissasian.la/youre-the-best-lee-soon-shin-episode-3/","https://asianembed.io/streaming.php?id=MTIyMjE=&title=Youre+the+Best+Lee+Soon+Shin+episode+3&typesub=SUB"
"1647239313-214","https://kissasian.la/asian-drama-list/","You Are Too Much","https://kissasian.la/you-are-too-much/","You Are Too Much Episode 35","https://kissasian.la/you-are-too-much-episode-35/","https://asianembed.io/streaming.php?id=MTE3ODk5&title=You+Are+Too+Much+episode+35&typesub=SUB"
"1647239643-265","https://kissasian.la/asian-drama-list/","You Are The Only One","https://kissasian.la/you-are-the-only-one/","You Are The Only One Episode 36","https://kissasian.la/you-are-the-only-one-episode-36/","https://asianembed.io/streaming.php?id=NDQyNzc=&title=You+Are+The+Only+One+episode+36&typesub=SUB"
"1647239150-180","https://kissasian.la/asian-drama-list/","You Are Too Much","https://kissasian.la/you-are-too-much/","You Are Too Much Episode 1","https://kissasian.la/you-are-too-much-episode-1/","https://asianembed.io/streaming.php?id=MTA3Mzc4&title=You+Are+Too+Much+episode+1&typesub=SUB"
"1647239543-254","https://kissasian.la/asian-drama-list/","You Are The Only One","https://kissasian.la/you-are-the-only-one/","You Are The Only One Episode 25","https://kissasian.la/you-are-the-only-one-episode-25/","https://asianembed.io/streaming.php?id=NDMxNTg=&title=You+Are+The+Only+One+episode+25&typesub=SUB"
"1647239685-270","https://kissasian.la/asian-drama-list/","You Are The Only One","https://kissasian.la/you-are-the-only-one/","You Are The Only One Episode 41","https://kissasian.la/you-are-the-only-one-episode-41/","https://asianembed.io/streaming.php?id=NDUyNzM=&title=You+Are+The+Only+One+episode+41&typesub=SUB"
"1647238827-119","https://kissasian.la/asian-drama-list/","Youre All Surrounded","https://kissasian.la/youre-all-surrounded/","Youre All Surrounded Episode 20","https://kissasian.la/youre-all-surrounded-episode-20/","https://asianembed.io/streaming.php?id=MjAyMDk=&title=Youre+All+Surrounded+episode+20&typesub=SUB"
"1647238836-120","https://kissasian.la/asian-drama-list/","Your Playlist (2021)","https://kissasian.la/your-playlist-2021/","Your Playlist (2021) Episode 1","https://kissasian.la/your-playlist-2021-episode-1/","https://asianembed.io/streaming.php?id=Mjg0ODI1&title=Your+Playlist+%282021%29+episode+1&typesub=SUB"
"1647238646-87","https://kissasian.la/asian-drama-list/","Youre Beautiful","https://kissasian.la/youre-beautiful/","Youre Beautiful Episode 5","https://kissasian.la/youre-beautiful-episode-5/","https://asianembed.io/streaming.php?id=NDg5OA==&title=Youre+Beautiful+episode+5&typesub=SUB"
"1647239434-237","https://kissasian.la/asian-drama-list/","You Are The Only One","https://kissasian.la/you-are-the-only-one/","You Are The Only One Episode 8","https://kissasian.la/you-are-the-only-one-episode-8/","https://asianembed.io/streaming.php?id=MzgzMzQ=&title=You+Are+The+Only+One+episode+8&typesub=SUB"
"1647238910-134","https://kissasian.la/asian-drama-list/","Your House Helper","https://kissasian.la/your-house-helper/","Your House Helper Episode 7","https://kissasian.la/your-house-helper-episode-7/","https://asianembed.io/streaming.php?id=MTQ3MTYw&title=Your+House+Helper+episode+7&typesub=SUB"
"1647239044-160","https://kissasian.la/asian-drama-list/","You Raise Me Up (2021)","https://kissasian.la/you-raise-me-up-2021/","You Raise Me Up (2021) Episode 1","https://kissasian.la/you-raise-me-up-2021-episode-1/","https://asianembed.io/streaming.php?id=Mjc2OTg5&title=You+Raise+Me+Up+%282021%29+episode+1&typesub=SUB"
"1647239219-195","https://kissasian.la/asian-drama-list/","You Are Too Much","https://kissasian.la/you-are-too-much/","You Are Too Much Episode 16","https://kissasian.la/you-are-too-much-episode-16/","https://asianembed.io/streaming.php?id=MTExNTY1&title=You+Are+Too+Much+episode+16&typesub=SUB"
"1647239341-219","https://kissasian.la/asian-drama-list/","You Are Too Much","https://kissasian.la/you-are-too-much/","You Are Too Much Episode 40","https://kissasian.la/you-are-too-much-episode-40/","https://asianembed.io/streaming.php?id=MTE5MDE1&title=You+Are+Too+Much+episode+40&typesub=SUB"
"1647238570-72","https://kissasian.la/asian-drama-list/","Youre the Best Lee Soon Shin","https://kissasian.la/youre-the-best-lee-soon-shin/","Youre the Best Lee Soon Shin Episode 40","https://kissasian.la/youre-the-best-lee-soon-shin-episode-40/","https://asianembed.io/streaming.php?id=MTIyNTg=&title=Youre+the+Best+Lee+Soon+Shin+episode+40&typesub=SUB"
"1647238748-102","https://kissasian.la/asian-drama-list/","Youre All Surrounded","https://kissasian.la/youre-all-surrounded/","Youre All Surrounded Episode 3","https://kissasian.la/youre-all-surrounded-episode-3/","https://asianembed.io/streaming.php?id=MTUxODI=&title=Youre+All+Surrounded+episode+3&typesub=SUB"
"1647239049-161","https://kissasian.la/asian-drama-list/","You Raise Me Up (2021)","https://kissasian.la/you-raise-me-up-2021/","You Raise Me Up (2021) Episode 2","https://kissasian.la/you-raise-me-up-2021-episode-2/","https://asianembed.io/streaming.php?id=Mjc2OTkw&title=You+Raise+Me+Up+%282021%29+episode+2&typesub=SUB"
"1647239071-166","https://kissasian.la/asian-drama-list/","You Raise Me Up (2021)","https://kissasian.la/you-raise-me-up-2021/","You Raise Me Up (2021) Episode 7","https://kissasian.la/you-raise-me-up-2021-episode-7/","https://asianembed.io/streaming.php?id=MjgxMTQ0&title=You+Raise+Me+Up+%282021%29+episode+7&typesub=SUB"
"1647238808-115","https://kissasian.la/asian-drama-list/","Youre All Surrounded","https://kissasian.la/youre-all-surrounded/","Youre All Surrounded Episode 16","https://kissasian.la/youre-all-surrounded-episode-16/","https://asianembed.io/streaming.php?id=MTkxMzA=&title=Youre+All+Surrounded+episode+16&typesub=SUB"
"1647239303-212","https://kissasian.la/asian-drama-list/","You Are Too Much","https://kissasian.la/you-are-too-much/","You Are Too Much Episode 33","https://kissasian.la/you-are-too-much-episode-33/","https://asianembed.io/streaming.php?id=MTE3MzI4&title=You+Are+Too+Much+episode+33&typesub=SUB"
"1647238887-129","https://kissasian.la/asian-drama-list/","Your House Helper","https://kissasian.la/your-house-helper/","Your House Helper Episode 2","https://kissasian.la/your-house-helper-episode-2/","https://asianembed.io/streaming.php?id=MTQ1OTAy&title=Your+House+Helper+episode+2&typesub=SUB"
"1647239298-211","https://kissasian.la/asian-drama-list/","You Are Too Much","https://kissasian.la/you-are-too-much/","You Are Too Much Episode 32","https://kissasian.la/you-are-too-much-episode-32/","https://asianembed.io/streaming.php?id=MTE2ODM5&title=You+Are+Too+Much+episode+32&typesub=SUB"
"1647238744-101","https://kissasian.la/asian-drama-list/","Youre All Surrounded","https://kissasian.la/youre-all-surrounded/","Youre All Surrounded Episode 2","https://kissasian.la/youre-all-surrounded-episode-2/","https://asianembed.io/streaming.php?id=MTUwNjk=&title=Youre+All+Surrounded+episode+2&typesub=SUB"
"1647238598-78","https://kissasian.la/asian-drama-list/","Youre the Best Lee Soon Shin","https://kissasian.la/youre-the-best-lee-soon-shin/","Youre the Best Lee Soon Shin Episode 46","https://kissasian.la/youre-the-best-lee-soon-shin-episode-46/","https://asianembed.io/streaming.php?id=MTIyNjQ=&title=Youre+the+Best+Lee+Soon+Shin+episode+46&typesub=SUB"
"1647238980-148","https://kissasian.la/asian-drama-list/","Your Honor (2018)","https://kissasian.la/your-honor-2018/","Your Honor (2018)  Episode 5","https://kissasian.la/your-honor-2018-episode-5/","https://asianembed.io/streaming.php?id=MTQ4MjYx&title=+Your+Honor+%282018%29++episode+5&typesub=SUB"
"1647238485-54","https://kissasian.la/asian-drama-list/","Youre the Best Lee Soon Shin","https://kissasian.la/youre-the-best-lee-soon-shin/","Youre the Best Lee Soon Shin Episode 22","https://kissasian.la/youre-the-best-lee-soon-shin-episode-22/","https://asianembed.io/streaming.php?id=MTIyNDA=&title=Youre+the+Best+Lee+Soon+Shin+episode+22&typesub=SUB"
"1647238174-4","https://kissasian.la/asian-drama-list/","Yumi’s Cells (2021)","https://kissasian.la/yumis-cells-2021/","Yumi’s Cells (2021) Episode 2","https://kissasian.la/yumis-cells-2021-episode-2/","https://asianembed.io/streaming.php?id=Mjc5NzU0&title=Yumi%27s+Cells+%282021%29+episode+2&typesub=SUB"
"1647239054-162","https://kissasian.la/asian-drama-list/","You Raise Me Up (2021)","https://kissasian.la/you-raise-me-up-2021/","You Raise Me Up (2021) Episode 3","https://kissasian.la/you-raise-me-up-2021-episode-3/","https://asianembed.io/streaming.php?id=Mjc5Nzgw&title=You+Raise+Me+Up+%282021%29+episode+3&typesub=SUB"
"1647238499-57","https://kissasian.la/asian-drama-list/","Youre the Best Lee Soon Shin","https://kissasian.la/youre-the-best-lee-soon-shin/","Youre the Best Lee Soon Shin Episode 25","https://kissasian.la/youre-the-best-lee-soon-shin-episode-25/","https://asianembed.io/streaming.php?id=MTIyNDM=&title=Youre+the+Best+Lee+Soon+Shin+episode+25&typesub=SUB"
"1647238584-75","https://kissasian.la/asian-drama-list/","Youre the Best Lee Soon Shin","https://kissasian.la/youre-the-best-lee-soon-shin/","Youre the Best Lee Soon Shin Episode 43","https://kissasian.la/youre-the-best-lee-soon-shin-episode-43/","https://asianembed.io/streaming.php?id=MTIyNjE=&title=Youre+the+Best+Lee+Soon+Shin+episode+43&typesub=SUB"
"1647239062-164","https://kissasian.la/asian-drama-list/","You Raise Me Up (2021)","https://kissasian.la/you-raise-me-up-2021/","You Raise Me Up (2021) Episode 5","https://kissasian.la/you-raise-me-up-2021-episode-5/","https://asianembed.io/streaming.php?id=MjgwMjEy&title=You+Raise+Me+Up+%282021%29+episode+5&typesub=SUB"
"1647239256-202","https://kissasian.la/asian-drama-list/","You Are Too Much","https://kissasian.la/you-are-too-much/","You Are Too Much Episode 23","https://kissasian.la/you-are-too-much-episode-23/","https://asianembed.io/streaming.php?id=MTE0MTY3&title=You+Are+Too+Much+episode+23&typesub=SUB"
"1647239169-184","https://kissasian.la/asian-drama-list/","You Are Too Much","https://kissasian.la/you-are-too-much/","You Are Too Much Episode 5","https://kissasian.la/you-are-too-much-episode-5/","https://asianembed.io/streaming.php?id=MTA4MTM2&title=You+Are+Too+Much+episode+5&typesub=SUB"
"1647239734-275","https://kissasian.la/asian-drama-list/","You Are The Only One","https://kissasian.la/you-are-the-only-one/","You Are The Only One Episode 46","https://kissasian.la/you-are-the-only-one-episode-46/","https://asianembed.io/streaming.php?id=NDY1NzQ=&title=You+Are+The+Only+One+episode+46&typesub=SUB"
"1647238767-106","https://kissasian.la/asian-drama-list/","Youre All Surrounded","https://kissasian.la/youre-all-surrounded/","Youre All Surrounded Episode 7","https://kissasian.la/youre-all-surrounded-episode-7/","https://asianembed.io/streaming.php?id=MTYzMjM=&title=Youre+All+Surrounded+episode+7&typesub=SUB"
"1647239335-218","https://kissasian.la/asian-drama-list/","You Are Too Much","https://kissasian.la/you-are-too-much/","You Are Too Much Episode 39","https://kissasian.la/you-are-too-much-episode-39/","https://asianembed.io/streaming.php?id=MTE5MDE0&title=You+Are+Too+Much+episode+39&typesub=SUB"
"1647238400-36","https://kissasian.la/asian-drama-list/","Youre the Best Lee Soon Shin","https://kissasian.la/youre-the-best-lee-soon-shin/","Youre the Best Lee Soon Shin Episode 4","https://kissasian.la/youre-the-best-lee-soon-shin-episode-4/","https://asianembed.io/streaming.php?id=MTIyMjI=&title=Youre+the+Best+Lee+Soon+Shin+episode+4&typesub=SUB"
"1647238294-18","https://kissasian.la/asian-drama-list/","Youtuber Class (2020)","https://kissasian.la/youtuber-class-2020/","Youtuber Class (2020) Episode 2","https://kissasian.la/youtuber-class-2020-episode-2/","https://asianembed.io/streaming.php?id=MjI3MzQ3&title=Youtuber+Class+%282020%29+episode+2&typesub=SUB"
"1647238189-5","https://kissasian.la/asian-drama-list/","Yumi’s Cells (2021)","https://kissasian.la/yumis-cells-2021/","Yumi’s Cells (2021) Episode 3","https://kissasian.la/yumis-cells-2021-episode-3/","https://asianembed.io/streaming.php?id=Mjc5OTY2&title=Yumi%27s+Cells+%282021%29+episode+3&typesub=SUB"
"1647239356-222","https://kissasian.la/asian-drama-list/","You Are Too Much","https://kissasian.la/you-are-too-much/","You Are Too Much Episode 43","https://kissasian.la/you-are-too-much-episode-43/","https://asianembed.io/streaming.php?id=MTIwMTA4&title=You+Are+Too+Much+episode+43&typesub=SUB"
"1647238691-96","https://kissasian.la/asian-drama-list/","Youre Beautiful","https://kissasian.la/youre-beautiful/","Youre Beautiful Episode 14","https://kissasian.la/youre-beautiful-episode-14/","https://asianembed.io/streaming.php?id=NDkwNw==&title=Youre+Beautiful+episode+14&typesub=SUB"
"1647239284-208","https://kissasian.la/asian-drama-list/","You Are Too Much","https://kissasian.la/you-are-too-much/","You Are Too Much Episode 29","https://kissasian.la/you-are-too-much-episode-29/","https://asianembed.io/streaming.php?id=MTE2Mzc1&title=You+Are+Too+Much+episode+29&typesub=SUB"
"1647239835-287","https://kissasian.la/asian-drama-list/","You Are The Only One","https://kissasian.la/you-are-the-only-one/","You Are The Only One Episode 58","https://kissasian.la/you-are-the-only-one-episode-58/","https://asianembed.io/streaming.php?id=NDg4OTE=&title=You+Are+The+Only+One+episode+58&typesub=SUB"
"1647239819-284","https://kissasian.la/asian-drama-list/","You Are The Only One","https://kissasian.la/you-are-the-only-one/","You Are The Only One Episode 55","https://kissasian.la/you-are-the-only-one-episode-55/","https://asianembed.io/streaming.php?id=NDg1NjE=&title=You+Are+The+Only+One+episode+55&typesub=SUB"
"1647238785-110","https://kissasian.la/asian-drama-list/","Youre All Surrounded","https://kissasian.la/youre-all-surrounded/","Youre All Surrounded Episode 11","https://kissasian.la/youre-all-surrounded-episode-11/","https://asianembed.io/streaming.php?id=MTc3NTc=&title=Youre+All+Surrounded+episode+11&typesub=SUB"
"1647239251-201","https://kissasian.la/asian-drama-list/","You Are Too Much","https://kissasian.la/you-are-too-much/","You Are Too Much Episode 22","https://kissasian.la/you-are-too-much-episode-22/","https://asianembed.io/streaming.php?id=MTE0MTY2&title=You+Are+Too+Much+episode+22&typesub=SUB"
"1647239346-220","https://kissasian.la/asian-drama-list/","You Are Too Much","https://kissasian.la/you-are-too-much/","You Are Too Much Episode 41","https://kissasian.la/you-are-too-much-episode-41/","https://asianembed.io/streaming.php?id=MTE5NTE0&title=You+Are+Too+Much+episode+41&typesub=SUB"
"1647238437-44","https://kissasian.la/asian-drama-list/","Youre the Best Lee Soon Shin","https://kissasian.la/youre-the-best-lee-soon-shin/","Youre the Best Lee Soon Shin Episode 12","https://kissasian.la/youre-the-best-lee-soon-shin-episode-12/","https://asianembed.io/streaming.php?id=MTIyMzA=&title=Youre+the+Best+Lee+Soon+Shin+episode+12&typesub=SUB"
"1647239696-271","https://kissasian.la/asian-drama-list/","You Are The Only One","https://kissasian.la/you-are-the-only-one/","You Are The Only One Episode 42","https://kissasian.la/you-are-the-only-one-episode-42/","https://asianembed.io/streaming.php?id=NDU1ODA=&title=You+Are+The+Only+One+episode+42&typesub=SUB"
"1647238999-152","https://kissasian.la/asian-drama-list/","Your Honor (2018)","https://kissasian.la/your-honor-2018/","Your Honor (2018)  Episode 9","https://kissasian.la/your-honor-2018-episode-9/","https://asianembed.io/streaming.php?id=MTQ4NzA5&title=+Your+Honor+%282018%29++episode+9&typesub=SUB"
"1647238776-108","https://kissasian.la/asian-drama-list/","Youre All Surrounded","https://kissasian.la/youre-all-surrounded/","Youre All Surrounded Episode 9","https://kissasian.la/youre-all-surrounded-episode-9/","https://asianembed.io/streaming.php?id=MTY4Mzg=&title=Youre+All+Surrounded+episode+9&typesub=SUB"
"1647238790-111","https://kissasian.la/asian-drama-list/","Youre All Surrounded","https://kissasian.la/youre-all-surrounded/","Youre All Surrounded Episode 12","https://kissasian.la/youre-all-surrounded-episode-12/","https://asianembed.io/streaming.php?id=MTgzMTM=&title=Youre+All+Surrounded+episode+12&typesub=SUB"
"1647238370-31","https://kissasian.la/asian-drama-list/","Youth of May (2021)","https://kissasian.la/youth-of-may-2021/","Youth of May (2021) Episode 11","https://kissasian.la/youth-of-may-2021-episode-11/","https://asianembed.io/streaming.php?id=MjU2NTUx&title=Youth+of+May+%282021%29+episode+11&typesub=SUB"
"1647239058-163","https://kissasian.la/asian-drama-list/","You Raise Me Up (2021)","https://kissasian.la/you-raise-me-up-2021/","You Raise Me Up (2021) Episode 4","https://kissasian.la/you-raise-me-up-2021-episode-4/","https://asianembed.io/streaming.php?id=Mjc5Nzgx&title=You+Raise+Me+Up+%282021%29+episode+4&typesub=SUB"
"1647238661-90","https://kissasian.la/asian-drama-list/","Youre Beautiful","https://kissasian.la/youre-beautiful/","Youre Beautiful Episode 8","https://kissasian.la/youre-beautiful-episode-8/","https://asianembed.io/streaming.php?id=NDkwMQ==&title=Youre+Beautiful+episode+8&typesub=SUB"
"1647239360-223","https://kissasian.la/asian-drama-list/","You Are Too Much","https://kissasian.la/you-are-too-much/","You Are Too Much Episode 44","https://kissasian.la/you-are-too-much-episode-44/","https://asianembed.io/streaming.php?id=MTIwMTA5&title=You+Are+Too+Much+episode+44&typesub=SUB"
"1647239090-169","https://kissasian.la/asian-drama-list/","You Make Me Dance (2021)","https://kissasian.la/you-make-me-dance-2021/","You Make Me Dance (2021) Episode 2","https://kissasian.la/you-make-me-dance-2021-episode-2/","https://asianembed.io/streaming.php?id=MjMyMzU5&title=You+Make+Me+Dance+%282021%29+episode+2&typesub=SUB"
"1647239776-279","https://kissasian.la/asian-drama-list/","You Are The Only One","https://kissasian.la/you-are-the-only-one/","You Are The Only One Episode 50","https://kissasian.la/you-are-the-only-one-episode-50/","https://asianembed.io/streaming.php?id=NDc0NDE=&title=You+Are+The+Only+One+episode+50&typesub=SUB"
"1647239228-197","https://kissasian.la/asian-drama-list/","You Are Too Much","https://kissasian.la/you-are-too-much/","You Are Too Much Episode 18","https://kissasian.la/you-are-too-much-episode-18/","https://asianembed.io/streaming.php?id=MTEyOTM4&title=You+Are+Too+Much+episode+18&typesub=SUB"
"1647238681-94","https://kissasian.la/asian-drama-list/","Youre Beautiful","https://kissasian.la/youre-beautiful/","Youre Beautiful Episode 12","https://kissasian.la/youre-beautiful-episode-12/","https://asianembed.io/streaming.php?id=NDkwNQ==&title=Youre+Beautiful+episode+12&typesub=SUB"
"1647238780-109","https://kissasian.la/asian-drama-list/","Youre All Surrounded","https://kissasian.la/youre-all-surrounded/","Youre All Surrounded Episode 10","https://kissasian.la/youre-all-surrounded-episode-10/","https://asianembed.io/streaming.php?id=MTY5Njk=&title=Youre+All+Surrounded+episode+10&typesub=SUB"
"1647239173-185","https://kissasian.la/asian-drama-list/","You Are Too Much","https://kissasian.la/you-are-too-much/","You Are Too Much Episode 6","https://kissasian.la/you-are-too-much-episode-6/","https://asianembed.io/streaming.php?id=MTA4MTM3&title=You+Are+Too+Much+episode+6&typesub=SUB"
"1647239205-192","https://kissasian.la/asian-drama-list/","You Are Too Much","https://kissasian.la/you-are-too-much/","You Are Too Much Episode 13","https://kissasian.la/you-are-too-much-episode-13/","https://asianembed.io/streaming.php?id=MTEwODEw&title=You+Are+Too+Much+episode+13&typesub=SUB"
"1647238671-92","https://kissasian.la/asian-drama-list/","Youre Beautiful","https://kissasian.la/youre-beautiful/","Youre Beautiful Episode 10","https://kissasian.la/youre-beautiful-episode-10/","https://asianembed.io/streaming.php?id=NDkwMw==&title=Youre+Beautiful+episode+10&typesub=SUB"
"1647239275-206","https://kissasian.la/asian-drama-list/","You Are Too Much","https://kissasian.la/you-are-too-much/","You Are Too Much Episode 27","https://kissasian.la/you-are-too-much-episode-27/","https://asianembed.io/streaming.php?id=MTE1ODQw&title=You+Are+Too+Much+episode+27&typesub=SUB"
"1647239500-248","https://kissasian.la/asian-drama-list/","You Are The Only One","https://kissasian.la/you-are-the-only-one/","You Are The Only One Episode 19","https://kissasian.la/you-are-the-only-one-episode-19/","https://asianembed.io/streaming.php?id=NDE1NjU=&title=You+Are+The+Only+One+episode+19&typesub=SUB"
"1647238336-25","https://kissasian.la/asian-drama-list/","Youth of May (2021)","https://kissasian.la/youth-of-may-2021/","Youth of May (2021) Episode 5","https://kissasian.la/youth-of-may-2021-episode-5/","https://asianembed.io/streaming.php?id=MjUxODMz&title=Youth+of+May+%282021%29+episode+5&typesub=SUB"
"1647238713-99","https://kissasian.la/asian-drama-list/","Youre All Surrounded Special","https://kissasian.la/youre-all-surrounded-special/","Youre All Surrounded Special  Episode 1","https://kissasian.la/youre-all-surrounded-special-episode-1/","https://k-vid.net/load.php?id=MTgwNzI=&title=Youre+All+Surrounded+Special++episode+1&typesub=SUB"
"1647238602-79","https://kissasian.la/asian-drama-list/","Youre the Best Lee Soon Shin","https://kissasian.la/youre-the-best-lee-soon-shin/","Youre the Best Lee Soon Shin Episode 47","https://kissasian.la/youre-the-best-lee-soon-shin-episode-47/","https://asianembed.io/streaming.php?id=MTIyNjU=&title=Youre+the+Best+Lee+Soon+Shin+episode+47&typesub=SUB"
"1647238211-6","https://kissasian.la/asian-drama-list/","Yumi’s Cells (2021)","https://kissasian.la/yumis-cells-2021/","Yumi’s Cells (2021) Episode 4","https://kissasian.la/yumis-cells-2021-episode-4/","https://asianembed.io/streaming.php?id=Mjc5OTY3&title=Yumi%27s+Cells+%282021%29+episode+4&typesub=SUB"
"1647238390-34","https://kissasian.la/asian-drama-list/","Youre the Best Lee Soon Shin","https://kissasian.la/youre-the-best-lee-soon-shin/","Youre the Best Lee Soon Shin Episode 2","https://kissasian.la/youre-the-best-lee-soon-shin-episode-2/","https://asianembed.io/streaming.php?id=MTIyMTk=&title=Youre+the+Best+Lee+Soon+Shin+episode+2&typesub=SUB"
"1647239660-267","https://kissasian.la/asian-drama-list/","You Are The Only One","https://kissasian.la/you-are-the-only-one/","You Are The Only One Episode 38","https://kissasian.la/you-are-the-only-one-episode-38/","https://asianembed.io/streaming.php?id=NDQ3MTM=&title=You+Are+The+Only+One+episode+38&typesub=SUB"
"1647239308-213","https://kissasian.la/asian-drama-list/","You Are Too Much","https://kissasian.la/you-are-too-much/","You Are Too Much Episode 34","https://kissasian.la/you-are-too-much-episode-34/","https://asianembed.io/streaming.php?id=MTE3MzI5&title=You+Are+Too+Much+episode+34&typesub=SUB"
"1647239829-286","https://kissasian.la/asian-drama-list/","You Are The Only One","https://kissasian.la/you-are-the-only-one/","You Are The Only One Episode 57","https://kissasian.la/you-are-the-only-one-episode-57/","https://asianembed.io/streaming.php?id=NDg4OTA=&title=You+Are+The+Only+One+episode+57&typesub=SUB"
"1647239411-232","https://kissasian.la/asian-drama-list/","You Are The Only One","https://kissasian.la/you-are-the-only-one/","You Are The Only One Episode 3","https://kissasian.la/you-are-the-only-one-episode-3/","https://asianembed.io/streaming.php?id=MzY2OTQ=&title=You+Are+The+Only+One+episode+3&typesub=SUB"
"1647239196-190","https://kissasian.la/asian-drama-list/","You Are Too Much","https://kissasian.la/you-are-too-much/","You Are Too Much Episode 11","https://kissasian.la/you-are-too-much-episode-11/","https://asianembed.io/streaming.php?id=MTEwMTY2&title=You+Are+Too+Much+episode+11&typesub=SUB"
"1647239444-239","https://kissasian.la/asian-drama-list/","You Are The Only One","https://kissasian.la/you-are-the-only-one/","You Are The Only One Episode 10","https://kissasian.la/you-are-the-only-one-episode-10/","https://asianembed.io/streaming.php?id=Mzg5NzI=&title=You+Are+The+Only+One+episode+10&typesub=SUB"
"1647239076-167","https://kissasian.la/asian-drama-list/","You Raise Me Up (2021)","https://kissasian.la/you-raise-me-up-2021/","You Raise Me Up (2021) Episode 8","https://kissasian.la/you-raise-me-up-2021-episode-8/","https://asianembed.io/streaming.php?id=MjgxMTQ1&title=You+Raise+Me+Up+%282021%29+episode+8&typesub=SUB"
"1647239095-170","https://kissasian.la/asian-drama-list/","You Make Me Dance (2021)","https://kissasian.la/you-make-me-dance-2021/","You Make Me Dance (2021) Episode 3","https://kissasian.la/you-make-me-dance-2021-episode-3/","https://asianembed.io/streaming.php?id=MjMzMDkx&title=You+Make+Me+Dance+%282021%29+episode+3&typesub=SUB"
"1647238461-49","https://kissasian.la/asian-drama-list/","Youre the Best Lee Soon Shin","https://kissasian.la/youre-the-best-lee-soon-shin/","Youre the Best Lee Soon Shin Episode 17","https://kissasian.la/youre-the-best-lee-soon-shin-episode-17/","https://asianembed.io/streaming.php?id=MTIyMzU=&title=Youre+the+Best+Lee+Soon+Shin+episode+17&typesub=SUB"
"1647238565-71","https://kissasian.la/asian-drama-list/","Youre the Best Lee Soon Shin","https://kissasian.la/youre-the-best-lee-soon-shin/","Youre the Best Lee Soon Shin Episode 39","https://kissasian.la/youre-the-best-lee-soon-shin-episode-39/","https://asianembed.io/streaming.php?id=MTIyNTc=&title=Youre+the+Best+Lee+Soon+Shin+episode+39&typesub=SUB"
"1647238518-61","https://kissasian.la/asian-drama-list/","Youre the Best Lee Soon Shin","https://kissasian.la/youre-the-best-lee-soon-shin/","Youre the Best Lee Soon Shin Episode 29","https://kissasian.la/youre-the-best-lee-soon-shin-episode-29/","https://asianembed.io/streaming.php?id=MTIyNDc=&title=Youre+the+Best+Lee+Soon+Shin+episode+29&typesub=SUB"
"1647238676-93","https://kissasian.la/asian-drama-list/","Youre Beautiful","https://kissasian.la/youre-beautiful/","Youre Beautiful Episode 11","https://kissasian.la/youre-beautiful-episode-11/","https://asianembed.io/streaming.php?id=NDkwNA==&title=Youre+Beautiful+episode+11&typesub=SUB"
"1647238218-7","https://kissasian.la/asian-drama-list/","Yumi’s Cells (2021)","https://kissasian.la/yumis-cells-2021/","Yumi’s Cells (2021) Episode 5","https://kissasian.la/yumis-cells-2021-episode-5/","https://asianembed.io/streaming.php?id=MjgxMjU3&title=Yumi%27s+Cells+%282021%29+episode+5&typesub=SUB"
"1647238854-124","https://kissasian.la/asian-drama-list/","Your Playlist (2021)","https://kissasian.la/your-playlist-2021/","Your Playlist (2021) Episode 5","https://kissasian.la/your-playlist-2021-episode-5/","https://asianembed.io/streaming.php?id=Mjg2MTgw&title=Your+Playlist+%282021%29+episode+5&typesub=SUB"
"1647238799-113","https://kissasian.la/asian-drama-list/","Youre All Surrounded","https://kissasian.la/youre-all-surrounded/","Youre All Surrounded Episode 14","https://kissasian.la/youre-all-surrounded-episode-14/","https://asianembed.io/streaming.php?id=MTg2ODk=&title=Youre+All+Surrounded+episode+14&typesub=SUB"
"1647238509-59","https://kissasian.la/asian-drama-list/","Youre the Best Lee Soon Shin","https://kissasian.la/youre-the-best-lee-soon-shin/","Youre the Best Lee Soon Shin Episode 27","https://kissasian.la/youre-the-best-lee-soon-shin-episode-27/","https://asianembed.io/streaming.php?id=MTIyNDU=&title=Youre+the+Best+Lee+Soon+Shin+episode+27&typesub=SUB"
"1647239808-282","https://kissasian.la/asian-drama-list/","You Are The Only One","https://kissasian.la/you-are-the-only-one/","You Are The Only One Episode 53","https://kissasian.la/you-are-the-only-one-episode-53/","https://asianembed.io/streaming.php?id=NDgxNTc=&title=You+Are+The+Only+One+episode+53&typesub=SUB"
"1647239029-158","https://kissasian.la/asian-drama-list/","Your Honor (2018)","https://kissasian.la/your-honor-2018/","Your Honor (2018)  Episode 15","https://kissasian.la/your-honor-2018-episode-15/","https://asianembed.io/streaming.php?id=MTUwNjEy&title=+Your+Honor+%282018%29++episode+15&typesub=SUB"
"1647239524-252","https://kissasian.la/asian-drama-list/","You Are The Only One","https://kissasian.la/you-are-the-only-one/","You Are The Only One Episode 23","https://kissasian.la/you-are-the-only-one-episode-23/","https://asianembed.io/streaming.php?id=NDI2ODY=&title=You+Are+The+Only+One+episode+23&typesub=SUB"
"1647239317-215","https://kissasian.la/asian-drama-list/","You Are Too Much","https://kissasian.la/you-are-too-much/","You Are Too Much Episode 36","https://kissasian.la/you-are-too-much-episode-36/","https://asianembed.io/streaming.php?id=MTE3OTAw&title=You+Are+Too+Much+episode+36&typesub=SUB"
"1647239747-276","https://kissasian.la/asian-drama-list/","You Are The Only One","https://kissasian.la/you-are-the-only-one/","You Are The Only One Episode 47","https://kissasian.la/you-are-the-only-one-episode-47/","https://asianembed.io/streaming.php?id=NDY5ODI=&title=You+Are+The+Only+One+episode+47&typesub=SUB"
"1647238924-137","https://kissasian.la/asian-drama-list/","Your House Helper","https://kissasian.la/your-house-helper/","Your House Helper Episode 10","https://kissasian.la/your-house-helper-episode-10/","https://asianembed.io/streaming.php?id=MTQ3NjI4&title=Your+House+Helper+episode+10&typesub=SUB"
"1647239114-174","https://kissasian.la/asian-drama-list/","You Make Me Dance (2021)","https://kissasian.la/you-make-me-dance-2021/","You Make Me Dance (2021) Episode 7","https://kissasian.la/you-make-me-dance-2021-episode-7/","https://asianembed.io/streaming.php?id=MjM1Mzgx&title=You+Make+Me+Dance+%282021%29+episode+7&typesub=SUB"
"1647238864-126","https://kissasian.la/asian-drama-list/","Your Playlist (2021)","https://kissasian.la/your-playlist-2021/","Your Playlist (2021) Episode 7","https://kissasian.la/your-playlist-2021-episode-7/","https://asianembed.io/streaming.php?id=Mjg3MTk0&title=Your+Playlist+%282021%29+episode+7&typesub=SUB"
"1647239448-240","https://kissasian.la/asian-drama-list/","You Are The Only One","https://kissasian.la/you-are-the-only-one/","You Are The Only One Episode 11","https://kissasian.la/you-are-the-only-one-episode-11/","https://asianembed.io/streaming.php?id=MzkxNDU=&title=You+Are+The+Only+One+episode+11&typesub=SUB"
"1647239099-171","https://kissasian.la/asian-drama-list/","You Make Me Dance (2021)","https://kissasian.la/you-make-me-dance-2021/","You Make Me Dance (2021) Episode 4","https://kissasian.la/you-make-me-dance-2021-episode-4/","https://asianembed.io/streaming.php?id=MjMzMDky&title=You+Make+Me+Dance+%282021%29+episode+4&typesub=SUB"
"1647238849-123","https://kissasian.la/asian-drama-list/","Your Playlist (2021)","https://kissasian.la/your-playlist-2021/","Your Playlist (2021) Episode 4","https://kissasian.la/your-playlist-2021-episode-4/","https://asianembed.io/streaming.php?id=Mjg2MTc5&title=Your+Playlist+%282021%29+episode+4&typesub=SUB"
"1647239004-153","https://kissasian.la/asian-drama-list/","Your Honor (2018)","https://kissasian.la/your-honor-2018/","Your Honor (2018)  Episode 10","https://kissasian.la/your-honor-2018-episode-10/","https://asianembed.io/streaming.php?id=MTQ4NzEw&title=+Your+Honor+%282018%29++episode+10&typesub=SUB"
"1647238905-133","https://kissasian.la/asian-drama-list/","Your House Helper","https://kissasian.la/your-house-helper/","Your House Helper Episode 6","https://kissasian.la/your-house-helper-episode-6/","https://asianembed.io/streaming.php?id=MTQ2NzI2&title=Your+House+Helper+episode+6&typesub=SUB"
"1647238231-9","https://kissasian.la/asian-drama-list/","Yumi’s Cells (2021)","https://kissasian.la/yumis-cells-2021/","Yumi’s Cells (2021) Episode 7","https://kissasian.la/yumis-cells-2021-episode-7/","https://asianembed.io/streaming.php?id=MjgyNTMx&title=Yumi%27s+Cells+%282021%29+episode+7&typesub=SUB"
"1647239025-157","https://kissasian.la/asian-drama-list/","Your Honor (2018)","https://kissasian.la/your-honor-2018/","Your Honor (2018)  Episode 14","https://kissasian.la/your-honor-2018-episode-14/","https://asianembed.io/streaming.php?id=MTUwMDk1&title=+Your+Honor+%282018%29++episode+14&typesub=SUB"
"1647238254-13","https://kissasian.la/asian-drama-list/","Yumi’s Cells (2021)","https://kissasian.la/yumis-cells-2021/","Yumi’s Cells (2021) Episode 11","https://kissasian.la/yumis-cells-2021-episode-11/","https://asianembed.io/streaming.php?id=Mjg0NTYz&title=Yumi%27s+Cells+%282021%29+episode+11&typesub=SUB"
"1647239035-159","https://kissasian.la/asian-drama-list/","Your Honor (2018)","https://kissasian.la/your-honor-2018/","Your Honor (2018)  Episode 16","https://kissasian.la/your-honor-2018-episode-16/","https://asianembed.io/streaming.php?id=MTUwNjEz&title=+Your+Honor+%282018%29++episode+16&typesub=SUB"
"1647239136-178","https://kissasian.la/asian-drama-list/","You Drive Me Crazy!","https://kissasian.la/you-drive-me-crazy/","You Drive Me Crazy! Episode 3","https://kissasian.la/you-drive-me-crazy-episode-3/","https://asianembed.io/streaming.php?id=MTQyMDE3&title=You+Drive+Me+Crazy%21+episode+3&typesub=SUB"
"1647239568-258","https://kissasian.la/asian-drama-list/","You Are The Only One","https://kissasian.la/you-are-the-only-one/","You Are The Only One Episode 29","https://kissasian.la/you-are-the-only-one-episode-29/","https://asianembed.io/streaming.php?id=NDM2NDg=&title=You+Are+The+Only+One+episode+29&typesub=SUB"
"1647238845-122","https://kissasian.la/asian-drama-list/","Your Playlist (2021)","https://kissasian.la/your-playlist-2021/","Your Playlist (2021) Episode 3","https://kissasian.la/your-playlist-2021-episode-3/","https://asianembed.io/streaming.php?id=Mjg2MTc4&title=Your+Playlist+%282021%29+episode+3&typesub=SUB"
"1647238612-81","https://kissasian.la/asian-drama-list/","Youre the Best Lee Soon Shin","https://kissasian.la/youre-the-best-lee-soon-shin/","Youre the Best Lee Soon Shin Episode 49","https://kissasian.la/youre-the-best-lee-soon-shin-episode-49/","https://asianembed.io/streaming.php?id=MTIyNjc=&title=Youre+the+Best+Lee+Soon+Shin+episode+49&typesub=SUB"
"1647238616-82","https://kissasian.la/asian-drama-list/","Youre the Best Lee Soon Shin","https://kissasian.la/youre-the-best-lee-soon-shin/","Youre the Best Lee Soon Shin Episode 50","https://kissasian.la/youre-the-best-lee-soon-shin-episode-50/","https://asianembed.io/streaming.php?id=MTIyNjg=&title=Youre+the+Best+Lee+Soon+Shin+episode+50&typesub=SUB"
"1647238404-37","https://kissasian.la/asian-drama-list/","Youre the Best Lee Soon Shin","https://kissasian.la/youre-the-best-lee-soon-shin/","Youre the Best Lee Soon Shin Episode 5","https://kissasian.la/youre-the-best-lee-soon-shin-episode-5/","https://asianembed.io/streaming.php?id=MTIyMjM=&title=Youre+the+Best+Lee+Soon+Shin+episode+5&typesub=SUB"
"1647238868-127","https://kissasian.la/asian-drama-list/","Your Playlist (2021)","https://kissasian.la/your-playlist-2021/","Your Playlist (2021) Episode 8","https://kissasian.la/your-playlist-2021-episode-8/","https://asianembed.io/streaming.php?id=Mjg3MTk1&title=Your+Playlist+%282021%29+episode+8&typesub=SUB"
"1647239109-173","https://kissasian.la/asian-drama-list/","You Make Me Dance (2021)","https://kissasian.la/you-make-me-dance-2021/","You Make Me Dance (2021) Episode 6","https://kissasian.la/you-make-me-dance-2021-episode-6/","https://asianembed.io/streaming.php?id=MjM0Mjg1&title=You+Make+Me+Dance+%282021%29+episode+6&typesub=SUB"
"1647238560-70","https://kissasian.la/asian-drama-list/","Youre the Best Lee Soon Shin","https://kissasian.la/youre-the-best-lee-soon-shin/","Youre the Best Lee Soon Shin Episode 38","https://kissasian.la/youre-the-best-lee-soon-shin-episode-38/","https://asianembed.io/streaming.php?id=MTIyNTY=&title=Youre+the+Best+Lee+Soon+Shin+episode+38&typesub=SUB"
"1647238357-29","https://kissasian.la/asian-drama-list/","Youth of May (2021)","https://kissasian.la/youth-of-may-2021/","Youth of May (2021) Episode 9","https://kissasian.la/youth-of-may-2021-episode-9/","https://asianembed.io/streaming.php?id=MjU0OTIx&title=Youth+of+May+%282021%29+episode+9&typesub=SUB"
"1647238452-47","https://kissasian.la/asian-drama-list/","Youre the Best Lee Soon Shin","https://kissasian.la/youre-the-best-lee-soon-shin/","Youre the Best Lee Soon Shin Episode 15","https://kissasian.la/youre-the-best-lee-soon-shin-episode-15/","https://asianembed.io/streaming.php?id=MTIyMzM=&title=Youre+the+Best+Lee+Soon+Shin+episode+15&typesub=SUB"
"1647239388-229","https://kissasian.la/asian-drama-list/","You Are Too Much","https://kissasian.la/you-are-too-much/","You Are Too Much Episode 50","https://kissasian.la/you-are-too-much-episode-50/","https://asianembed.io/streaming.php?id=MTIzMDU3&title=You+Are+Too+Much+episode+50&typesub=SUB"
"1647238325-23","https://kissasian.la/asian-drama-list/","Youth of May (2021)","https://kissasian.la/youth-of-may-2021/","Youth of May (2021) Episode 3","https://kissasian.la/youth-of-may-2021-episode-3/","https://asianembed.io/streaming.php?id=MjUwMzMw&title=Youth+of+May+%282021%29+episode+3&typesub=SUB"
"1647238938-140","https://kissasian.la/asian-drama-list/","Your House Helper","https://kissasian.la/your-house-helper/","Your House Helper Episode 13","https://kissasian.la/your-house-helper-episode-13/","https://asianembed.io/streaming.php?id=MTQ4MzE4&title=Your+House+Helper+episode+13&typesub=SUB"
"1647238651-88","https://kissasian.la/asian-drama-list/","Youre Beautiful","https://kissasian.la/youre-beautiful/","Youre Beautiful Episode 6","https://kissasian.la/youre-beautiful-episode-6/","https://asianembed.io/streaming.php?id=NDg5OQ==&title=Youre+Beautiful+episode+6&typesub=SUB"
"1647239824-285","https://kissasian.la/asian-drama-list/","You Are The Only One","https://kissasian.la/you-are-the-only-one/","You Are The Only One Episode 56","https://kissasian.la/you-are-the-only-one-episode-56/","https://asianembed.io/streaming.php?id=NDg4NDE=&title=You+Are+The+Only+One+episode+56&typesub=SUB"
"1647238432-43","https://kissasian.la/asian-drama-list/","Youre the Best Lee Soon Shin","https://kissasian.la/youre-the-best-lee-soon-shin/","Youre the Best Lee Soon Shin Episode 11","https://kissasian.la/youre-the-best-lee-soon-shin-episode-11/","https://asianembed.io/streaming.php?id=MTIyMjk=&title=Youre+the+Best+Lee+Soon+Shin+episode+11&typesub=SUB"
"1647238555-69","https://kissasian.la/asian-drama-list/","Youre the Best Lee Soon Shin","https://kissasian.la/youre-the-best-lee-soon-shin/","Youre the Best Lee Soon Shin Episode 37","https://kissasian.la/youre-the-best-lee-soon-shin-episode-37/","https://asianembed.io/streaming.php?id=MTIyNTU=&title=Youre+the+Best+Lee+Soon+Shin+episode+37&typesub=SUB"
"1647238164-3","https://kissasian.la/asian-drama-list/","Yumi’s Cells (2021)","https://kissasian.la/yumis-cells-2021/","Yumi’s Cells (2021) Episode 1","https://kissasian.la/yumis-cells-2021-episode-1/","https://asianembed.io/streaming.php?id=Mjc5NzUz&title=Yumi%27s+Cells+%282021%29+episode+1&typesub=SUB"
"1647239159-182","https://kissasian.la/asian-drama-list/","You Are Too Much","https://kissasian.la/you-are-too-much/","You Are Too Much Episode 3","https://kissasian.la/you-are-too-much-episode-3/","https://asianembed.io/streaming.php?id=MTA3NDg3&title=You+Are+Too+Much+episode+3&typesub=SUB"
"1647239178-186","https://kissasian.la/asian-drama-list/","You Are Too Much","https://kissasian.la/you-are-too-much/","You Are Too Much Episode 7","https://kissasian.la/you-are-too-much-episode-7/","https://asianembed.io/streaming.php?id=MTA4Nzgz&title=You+Are+Too+Much+episode+7&typesub=SUB"
"1647238822-118","https://kissasian.la/asian-drama-list/","Youre All Surrounded","https://kissasian.la/youre-all-surrounded/","Youre All Surrounded Episode 19","https://kissasian.la/youre-all-surrounded-episode-19/","https://asianembed.io/streaming.php?id=MjAyMDg=&title=Youre+All+Surrounded+episode+19&typesub=SUB"
"1647239622-262","https://kissasian.la/asian-drama-list/","You Are The Only One","https://kissasian.la/you-are-the-only-one/","You Are The Only One Episode 33","https://kissasian.la/you-are-the-only-one-episode-33/","https://asianembed.io/streaming.php?id=NDM4Njg=&title=You+Are+The+Only+One+episode+33&typesub=SUB"
"1647238891-130","https://kissasian.la/asian-drama-list/","Your House Helper","https://kissasian.la/your-house-helper/","Your House Helper Episode 3","https://kissasian.la/your-house-helper-episode-3/","https://asianembed.io/streaming.php?id=MTQ2MjE4&title=Your+House+Helper+episode+3&typesub=SUB"
"1647238447-46","https://kissasian.la/asian-drama-list/","Youre the Best Lee Soon Shin","https://kissasian.la/youre-the-best-lee-soon-shin/","Youre the Best Lee Soon Shin Episode 14","https://kissasian.la/youre-the-best-lee-soon-shin-episode-14/","https://asianembed.io/streaming.php?id=MTIyMzI=&title=Youre+the+Best+Lee+Soon+Shin+episode+14&typesub=SUB"
"1647239680-269","https://kissasian.la/asian-drama-list/","You Are The Only One","https://kissasian.la/you-are-the-only-one/","You Are The Only One Episode 40","https://kissasian.la/you-are-the-only-one-episode-40/","https://asianembed.io/streaming.php?id=NDUwODY=&title=You+Are+The+Only+One+episode+40&typesub=SUB"
"1647238665-91","https://kissasian.la/asian-drama-list/","Youre Beautiful","https://kissasian.la/youre-beautiful/","Youre Beautiful Episode 9","https://kissasian.la/youre-beautiful-episode-9/","https://asianembed.io/streaming.php?id=NDkwMg==&title=Youre+Beautiful+episode+9&typesub=SUB"
"1647239279-207","https://kissasian.la/asian-drama-list/","You Are Too Much","https://kissasian.la/you-are-too-much/","You Are Too Much Episode 28","https://kissasian.la/you-are-too-much-episode-28/","https://asianembed.io/streaming.php?id=MTE1ODQx&title=You+Are+Too+Much+episode+28&typesub=SUB"
"1647238314-21","https://kissasian.la/asian-drama-list/","Youth of May (2021)","https://kissasian.la/youth-of-may-2021/","Youth of May (2021) Episode 1","https://kissasian.la/youth-of-may-2021-episode-1/","https://asianembed.io/streaming.php?id=MjUwMTM5&title=Youth+of+May+%282021%29+episode+1&typesub=SUB"
"1647239628-263","https://kissasian.la/asian-drama-list/","You Are The Only One","https://kissasian.la/you-are-the-only-one/","You Are The Only One Episode 34","https://kissasian.la/you-are-the-only-one-episode-34/","https://asianembed.io/streaming.php?id=NDQwNzU=&title=You+Are+The+Only+One+episode+34&typesub=SUB"
"1647238442-45","https://kissasian.la/asian-drama-list/","Youre the Best Lee Soon Shin","https://kissasian.la/youre-the-best-lee-soon-shin/","Youre the Best Lee Soon Shin Episode 13","https://kissasian.la/youre-the-best-lee-soon-shin-episode-13/","https://asianembed.io/streaming.php?id=MTIyMzE=&title=Youre+the+Best+Lee+Soon+Shin+episode+13&typesub=SUB"
"1647239127-176","https://kissasian.la/asian-drama-list/","You Drive Me Crazy!","https://kissasian.la/you-drive-me-crazy/","You Drive Me Crazy! Episode 1","https://kissasian.la/you-drive-me-crazy-episode-1/","https://asianembed.io/streaming.php?id=MTQyMDEz&title=You+Drive+Me+Crazy%21+episode+1&typesub=SUB"
"1647239215-194","https://kissasian.la/asian-drama-list/","You Are Too Much","https://kissasian.la/you-are-too-much/","You Are Too Much Episode 15","https://kissasian.la/you-are-too-much-episode-15/","https://asianembed.io/streaming.php?id=MTExNTY0&title=You+Are+Too+Much+episode+15&typesub=SUB"
"1647238353-28","https://kissasian.la/asian-drama-list/","Youth of May (2021)","https://kissasian.la/youth-of-may-2021/","Youth of May (2021) Episode 8","https://kissasian.la/youth-of-may-2021-episode-8/","https://asianembed.io/streaming.php?id=MjUzMzU0&title=Youth+of+May+%282021%29+episode+8&typesub=SUB"
"1647239472-244","https://kissasian.la/asian-drama-list/","You Are The Only One","https://kissasian.la/you-are-the-only-one/","You Are The Only One Episode 15","https://kissasian.la/you-are-the-only-one-episode-15/","https://asianembed.io/streaming.php?id=NDAyNjg=&title=You+Are+The+Only+One+episode+15&typesub=SUB"
"1647238952-143","https://kissasian.la/asian-drama-list/","Your House Helper","https://kissasian.la/your-house-helper/","Your House Helper Episode 16","https://kissasian.la/your-house-helper-episode-16/","https://asianembed.io/streaming.php?id=MTQ4NzEz&title=Your+House+Helper+episode+16&typesub=SUB"
"1647238423-41","https://kissasian.la/asian-drama-list/","Youre the Best Lee Soon Shin","https://kissasian.la/youre-the-best-lee-soon-shin/","Youre the Best Lee Soon Shin Episode 9","https://kissasian.la/youre-the-best-lee-soon-shin-episode-9/","https://asianembed.io/streaming.php?id=MTIyMjc=&title=Youre+the+Best+Lee+Soon+Shin+episode+9&typesub=SUB"
"1647239329-217","https://kissasian.la/asian-drama-list/","You Are Too Much","https://kissasian.la/you-are-too-much/","You Are Too Much Episode 38","https://kissasian.la/you-are-too-much-episode-38/","https://asianembed.io/streaming.php?id=MTE4NDgw&title=You+Are+Too+Much+episode+38&typesub=SUB"
"1647238989-150","https://kissasian.la/asian-drama-list/","Your Honor (2018)","https://kissasian.la/your-honor-2018/","Your Honor (2018)  Episode 7","https://kissasian.la/your-honor-2018-episode-7/","https://asianembed.io/streaming.php?id=MTQ4MzIw&title=+Your+Honor+%282018%29++episode+7&typesub=SUB"
"1647239439-238","https://kissasian.la/asian-drama-list/","You Are The Only One","https://kissasian.la/you-are-the-only-one/","You Are The Only One Episode 9","https://kissasian.la/you-are-the-only-one-episode-9/","https://asianembed.io/streaming.php?id=Mzg3MTc=&title=You+Are+The+Only+One+episode+9&typesub=SUB"
"1647239104-172","https://kissasian.la/asian-drama-list/","You Make Me Dance (2021)","https://kissasian.la/you-make-me-dance-2021/","You Make Me Dance (2021) Episode 5","https://kissasian.la/you-make-me-dance-2021-episode-5/","https://asianembed.io/streaming.php?id=MjM0Mjg0&title=You+Make+Me+Dance+%282021%29+episode+5&typesub=SUB"
"1647239014-155","https://kissasian.la/asian-drama-list/","Your Honor (2018)","https://kissasian.la/your-honor-2018/","Your Honor (2018)  Episode 12","https://kissasian.la/your-honor-2018-episode-12/","https://asianembed.io/streaming.php?id=MTUwMDMw&title=+Your+Honor+%282018%29++episode+12&typesub=SUB"
"1647239556-256","https://kissasian.la/asian-drama-list/","You Are The Only One","https://kissasian.la/you-are-the-only-one/","You Are The Only One Episode 27","https://kissasian.la/you-are-the-only-one-episode-27/","https://asianembed.io/streaming.php?id=NDM0Mzc=&title=You+Are+The+Only+One+episode+27&typesub=SUB"
"1647238470-51","https://kissasian.la/asian-drama-list/","Youre the Best Lee Soon Shin","https://kissasian.la/youre-the-best-lee-soon-shin/","Youre the Best Lee Soon Shin Episode 19","https://kissasian.la/youre-the-best-lee-soon-shin-episode-19/","https://asianembed.io/streaming.php?id=MTIyMzc=&title=Youre+the+Best+Lee+Soon+Shin+episode+19&typesub=SUB"
"1647239493-247","https://kissasian.la/asian-drama-list/","You Are The Only One","https://kissasian.la/you-are-the-only-one/","You Are The Only One Episode 18","https://kissasian.la/you-are-the-only-one-episode-18/","https://asianembed.io/streaming.php?id=NDExMDA=&title=You+Are+The+Only+One+episode+18&typesub=SUB"
"1647238896-131","https://kissasian.la/asian-drama-list/","Your House Helper","https://kissasian.la/your-house-helper/","Your House Helper Episode 4","https://kissasian.la/your-house-helper-episode-4/","https://asianembed.io/streaming.php?id=MTQ2MjE5&title=Your+House+Helper+episode+4&typesub=SUB"
"1647238546-67","https://kissasian.la/asian-drama-list/","Youre the Best Lee Soon Shin","https://kissasian.la/youre-the-best-lee-soon-shin/","Youre the Best Lee Soon Shin Episode 35","https://kissasian.la/youre-the-best-lee-soon-shin-episode-35/","https://asianembed.io/streaming.php?id=MTIyNTM=&title=Youre+the+Best+Lee+Soon+Shin+episode+35&typesub=SUB"
"1647239429-236","https://kissasian.la/asian-drama-list/","You Are The Only One","https://kissasian.la/you-are-the-only-one/","You Are The Only One Episode 7","https://kissasian.la/you-are-the-only-one-episode-7/","https://asianembed.io/streaming.php?id=Mzc2NjA=&title=You+Are+The+Only+One+episode+7&typesub=SUB"
"1647239155-181","https://kissasian.la/asian-drama-list/","You Are Too Much","https://kissasian.la/you-are-too-much/","You Are Too Much Episode 2","https://kissasian.la/you-are-too-much-episode-2/","https://asianembed.io/streaming.php?id=MTA3Mzc5&title=You+Are+Too+Much+episode+2&typesub=SUB"
"1647239705-272","https://kissasian.la/asian-drama-list/","You Are The Only One","https://kissasian.la/you-are-the-only-one/","You Are The Only One Episode 43","https://kissasian.la/you-are-the-only-one-episode-43/","https://asianembed.io/streaming.php?id=NDYwODA=&title=You+Are+The+Only+One+episode+43&typesub=SUB"
"1647238278-16","https://kissasian.la/asian-drama-list/","Yumi’s Cells (2021)","https://kissasian.la/yumis-cells-2021/","Yumi’s Cells (2021) Episode 14","https://kissasian.la/yumis-cells-2021-episode-14/","https://asianembed.io/streaming.php?id=Mjg2MDMw&title=Yumi%27s+Cells+%282021%29+episode+14&typesub=SUB"
"1647239600-260","https://kissasian.la/asian-drama-list/","You Are The Only One","https://kissasian.la/you-are-the-only-one/","You Are The Only One Episode 31","https://kissasian.la/you-are-the-only-one-episode-31/","https://asianembed.io/streaming.php?id=NDM2NTY=&title=You+Are+The+Only+One+episode+31&typesub=SUB"
"1647239261-203","https://kissasian.la/asian-drama-list/","You Are Too Much","https://kissasian.la/you-are-too-much/","You Are Too Much Episode 24","https://kissasian.la/you-are-too-much-episode-24/","https://asianembed.io/streaming.php?id=MTE0ODU5&title=You+Are+Too+Much+episode+24&typesub=SUB"
"1647238882-128","https://kissasian.la/asian-drama-list/","Your House Helper","https://kissasian.la/your-house-helper/","Your House Helper Episode 1","https://kissasian.la/your-house-helper-episode-1/","https://asianembed.io/streaming.php?id=MTQ1OTAw&title=Your+House+Helper+episode+1&typesub=SUB"
"1647239265-204","https://kissasian.la/asian-drama-list/","You Are Too Much","https://kissasian.la/you-are-too-much/","You Are Too Much Episode 25","https://kissasian.la/you-are-too-much-episode-25/","https://asianembed.io/streaming.php?id=MTE1Mjc5&title=You+Are+Too+Much+episode+25&typesub=SUB"
"1647238641-86","https://kissasian.la/asian-drama-list/","Youre Beautiful","https://kissasian.la/youre-beautiful/","Youre Beautiful Episode 4","https://kissasian.la/youre-beautiful-episode-4/","https://asianembed.io/streaming.php?id=NDg5Nw==&title=Youre+Beautiful+episode+4&typesub=SUB"
"1647239370-225","https://kissasian.la/asian-drama-list/","You Are Too Much","https://kissasian.la/you-are-too-much/","You Are Too Much Episode 46","https://kissasian.la/you-are-too-much-episode-46/","https://asianembed.io/streaming.php?id=MTIwNzU1&title=You+Are+Too+Much+episode+46&typesub=SUB"
"1647239131-177","https://kissasian.la/asian-drama-list/","You Drive Me Crazy!","https://kissasian.la/you-drive-me-crazy/","You Drive Me Crazy! Episode 2","https://kissasian.la/you-drive-me-crazy-episode-2/","https://asianembed.io/streaming.php?id=MTQyMDE1&title=You+Drive+Me+Crazy%21+episode+2&typesub=SUB"
"1647238504-58","https://kissasian.la/asian-drama-list/","Youre the Best Lee Soon Shin","https://kissasian.la/youre-the-best-lee-soon-shin/","Youre the Best Lee Soon Shin Episode 26","https://kissasian.la/youre-the-best-lee-soon-shin-episode-26/","https://asianembed.io/streaming.php?id=MTIyNDQ=&title=Youre+the+Best+Lee+Soon+Shin+episode+26&typesub=SUB"
"1647238239-10","https://kissasian.la/asian-drama-list/","Yumi’s Cells (2021)","https://kissasian.la/yumis-cells-2021/","Yumi’s Cells (2021) Episode 8","https://kissasian.la/yumis-cells-2021-episode-8/","https://asianembed.io/streaming.php?id=MjgyNTMy&title=Yumi%27s+Cells+%282021%29+episode+8&typesub=SUB"
"1647238489-55","https://kissasian.la/asian-drama-list/","Youre the Best Lee Soon Shin","https://kissasian.la/youre-the-best-lee-soon-shin/","Youre the Best Lee Soon Shin Episode 23","https://kissasian.la/youre-the-best-lee-soon-shin-episode-23/","https://asianembed.io/streaming.php?id=MTIyNDE=&title=Youre+the+Best+Lee+Soon+Shin+episode+23&typesub=SUB"
"1647239715-273","https://kissasian.la/asian-drama-list/","You Are The Only One","https://kissasian.la/you-are-the-only-one/","You Are The Only One Episode 44","https://kissasian.la/you-are-the-only-one-episode-44/","https://asianembed.io/streaming.php?id=NDYxMjQ=&title=You+Are+The+Only+One+episode+44&typesub=SUB"
"1647239416-233","https://kissasian.la/asian-drama-list/","You Are The Only One","https://kissasian.la/you-are-the-only-one/","You Are The Only One Episode 4","https://kissasian.la/you-are-the-only-one-episode-4/","https://asianembed.io/streaming.php?id=MzY2OTU=&title=You+Are+The+Only+One+episode+4&typesub=SUB"
"1647239454-241","https://kissasian.la/asian-drama-list/","You Are The Only One","https://kissasian.la/you-are-the-only-one/","You Are The Only One Episode 12","https://kissasian.la/you-are-the-only-one-episode-12/","https://asianembed.io/streaming.php?id=Mzk1OTY=&title=You+Are+The+Only+One+episode+12&typesub=SUB"
"1647238457-48","https://kissasian.la/asian-drama-list/","Youre the Best Lee Soon Shin","https://kissasian.la/youre-the-best-lee-soon-shin/","Youre the Best Lee Soon Shin Episode 16","https://kissasian.la/youre-the-best-lee-soon-shin-episode-16/","https://asianembed.io/streaming.php?id=MTIyMzQ=&title=Youre+the+Best+Lee+Soon+Shin+episode+16&typesub=SUB"
"1647238702-98","https://kissasian.la/asian-drama-list/","Youre Beautiful","https://kissasian.la/youre-beautiful/","Youre Beautiful Episode 16","https://kissasian.la/youre-beautiful-episode-16/","https://asianembed.io/streaming.php?id=NDkwOQ==&title=Youre+Beautiful+episode+16&typesub=SUB"
"1647238244-11","https://kissasian.la/asian-drama-list/","Yumi’s Cells (2021)","https://kissasian.la/yumis-cells-2021/","Yumi’s Cells (2021) Episode 9","https://kissasian.la/yumis-cells-2021-episode-9/","https://asianembed.io/streaming.php?id=MjgzNjI5&title=Yumi%27s+Cells+%282021%29+episode+9&typesub=SUB"
"1647239164-183","https://kissasian.la/asian-drama-list/","You Are Too Much","https://kissasian.la/you-are-too-much/","You Are Too Much Episode 4","https://kissasian.la/you-are-too-much-episode-4/","https://asianembed.io/streaming.php?id=MTA3NDg4&title=You+Are+Too+Much+episode+4&typesub=SUB"
"1647239375-226","https://kissasian.la/asian-drama-list/","You Are Too Much","https://kissasian.la/you-are-too-much/","You Are Too Much Episode 47","https://kissasian.la/you-are-too-much-episode-47/","https://asianembed.io/streaming.php?id=MTIxODAx&title=You+Are+Too+Much+episode+47&typesub=SUB"
"1647238342-26","https://kissasian.la/asian-drama-list/","Youth of May (2021)","https://kissasian.la/youth-of-may-2021/","Youth of May (2021) Episode 6","https://kissasian.la/youth-of-may-2021-episode-6/","https://asianembed.io/streaming.php?id=MjUxODM0&title=Youth+of+May+%282021%29+episode+6&typesub=SUB"
"1647238840-121","https://kissasian.la/asian-drama-list/","Your Playlist (2021)","https://kissasian.la/your-playlist-2021/","Your Playlist (2021) Episode 2","https://kissasian.la/your-playlist-2021-episode-2/","https://asianembed.io/streaming.php?id=Mjg0ODI2&title=Your+Playlist+%282021%29+episode+2&typesub=SUB"
"1647238966-145","https://kissasian.la/asian-drama-list/","Your Honor (2018)","https://kissasian.la/your-honor-2018/","Your Honor (2018)  Episode 2","https://kissasian.la/your-honor-2018-episode-2/","https://asianembed.io/streaming.php?id=MTQ3NTQ4&title=+Your+Honor+%282018%29++episode+2&typesub=SUB"
"1647239294-210","https://kissasian.la/asian-drama-list/","You Are Too Much","https://kissasian.la/you-are-too-much/","You Are Too Much Episode 31","https://kissasian.la/you-are-too-much-episode-31/","https://asianembed.io/streaming.php?id=MTE2ODM4&title=You+Are+Too+Much+episode+31&typesub=SUB"
"1647238656-89","https://kissasian.la/asian-drama-list/","Youre Beautiful","https://kissasian.la/youre-beautiful/","Youre Beautiful Episode 7","https://kissasian.la/youre-beautiful-episode-7/","https://asianembed.io/streaming.php?id=NDkwMA==&title=Youre+Beautiful+episode+7&typesub=SUB"
"1647238739-100","https://kissasian.la/asian-drama-list/","Youre All Surrounded","https://kissasian.la/youre-all-surrounded/","Youre All Surrounded Episode 1","https://kissasian.la/youre-all-surrounded-episode-1/","https://asianembed.io/streaming.php?id=MTQ5NTI=&title=Youre+All+Surrounded+episode+1&typesub=SUB"
"1647238523-62","https://kissasian.la/asian-drama-list/","Youre the Best Lee Soon Shin","https://kissasian.la/youre-the-best-lee-soon-shin/","Youre the Best Lee Soon Shin Episode 30","https://kissasian.la/youre-the-best-lee-soon-shin-episode-30/","https://asianembed.io/streaming.php?id=MTIyNDg=&title=Youre+the+Best+Lee+Soon+Shin+episode+30&typesub=SUB"
"1647239233-198","https://kissasian.la/asian-drama-list/","You Are Too Much","https://kissasian.la/you-are-too-much/","You Are Too Much Episode 19","https://kissasian.la/you-are-too-much-episode-19/","https://asianembed.io/streaming.php?id=MTEyOTM5&title=You+Are+Too+Much+episode+19&typesub=SUB"
"1647238330-24","https://kissasian.la/asian-drama-list/","Youth of May (2021)","https://kissasian.la/youth-of-may-2021/","Youth of May (2021) Episode 4","https://kissasian.la/youth-of-may-2021-episode-4/","https://asianembed.io/streaming.php?id=MjUwMzMx&title=Youth+of+May+%282021%29+episode+4&typesub=SUB"
"1647238541-66","https://kissasian.la/asian-drama-list/","Youre the Best Lee Soon Shin","https://kissasian.la/youre-the-best-lee-soon-shin/","Youre the Best Lee Soon Shin Episode 34","https://kissasian.la/youre-the-best-lee-soon-shin-episode-34/","https://asianembed.io/streaming.php?id=MTIyNTI=&title=Youre+the+Best+Lee+Soon+Shin+episode+34&typesub=SUB"
"1647238804-114","https://kissasian.la/asian-drama-list/","Youre All Surrounded","https://kissasian.la/youre-all-surrounded/","Youre All Surrounded Episode 15","https://kissasian.la/youre-all-surrounded-episode-15/","https://asianembed.io/streaming.php?id=MTkxMjk=&title=Youre+All+Surrounded+episode+15&typesub=SUB"
"1647238304-20","https://kissasian.la/asian-drama-list/","Youtuber Class (2020)","https://kissasian.la/youtuber-class-2020/","Youtuber Class (2020) Episode 4","https://kissasian.la/youtuber-class-2020-episode-4/","https://asianembed.io/streaming.php?id=MjI3MzQ5&title=Youtuber+Class+%282020%29+episode+4&typesub=SUB"
"1647238365-30","https://kissasian.la/asian-drama-list/","Youth of May (2021)","https://kissasian.la/youth-of-may-2021/","Youth of May (2021) Episode 10","https://kissasian.la/youth-of-may-2021-episode-10/","https://asianembed.io/streaming.php?id=MjU0OTIy&title=Youth+of+May+%282021%29+episode+10&typesub=SUB"
"1647239425-235","https://kissasian.la/asian-drama-list/","You Are The Only One","https://kissasian.la/you-are-the-only-one/","You Are The Only One Episode 6","https://kissasian.la/you-are-the-only-one-episode-6/","https://asianembed.io/streaming.php?id=MzcxOTY=&title=You+Are+The+Only+One+episode+6&typesub=SUB"
"1647238418-40","https://kissasian.la/asian-drama-list/","Youre the Best Lee Soon Shin","https://kissasian.la/youre-the-best-lee-soon-shin/","Youre the Best Lee Soon Shin Episode 8","https://kissasian.la/youre-the-best-lee-soon-shin-episode-8/","https://asianembed.io/streaming.php?id=MTIyMjY=&title=Youre+the+Best+Lee+Soon+Shin+episode+8&typesub=SUB"
"1647239486-246","https://kissasian.la/asian-drama-list/","You Are The Only One","https://kissasian.la/you-are-the-only-one/","You Are The Only One Episode 17","https://kissasian.la/you-are-the-only-one-episode-17/","https://asianembed.io/streaming.php?id=NDA4NDU=&title=You+Are+The+Only+One+episode+17&typesub=SUB"
"1647239118-175","https://kissasian.la/asian-drama-list/","You Make Me Dance (2021)","https://kissasian.la/you-make-me-dance-2021/","You Make Me Dance (2021) Episode 8","https://kissasian.la/you-make-me-dance-2021-episode-8/","https://asianembed.io/streaming.php?id=MjM1Mzgy&title=You+Make+Me+Dance+%282021%29+episode+8&typesub=SUB"
"1647239351-221","https://kissasian.la/asian-drama-list/","You Are Too Much","https://kissasian.la/you-are-too-much/","You Are Too Much Episode 42","https://kissasian.la/you-are-too-much-episode-42/","https://asianembed.io/streaming.php?id=MTE5NTE1&title=You+Are+Too+Much+episode+42&typesub=SUB"
"1647238961-144","https://kissasian.la/asian-drama-list/","Your Honor (2018)","https://kissasian.la/your-honor-2018/","Your Honor (2018)  Episode 1","https://kissasian.la/your-honor-2018-episode-1/","https://asianembed.io/streaming.php?id=MTQ3NTQ3&title=+Your+Honor+%282018%29++episode+1&typesub=SUB"
"1647238771-107","https://kissasian.la/asian-drama-list/","Youre All Surrounded","https://kissasian.la/youre-all-surrounded/","Youre All Surrounded Episode 8","https://kissasian.la/youre-all-surrounded-episode-8/","https://asianembed.io/streaming.php?id=MTY0NDY=&title=Youre+All+Surrounded+episode+8&typesub=SUB"
"1647238971-146","https://kissasian.la/asian-drama-list/","Your Honor (2018)","https://kissasian.la/your-honor-2018/","Your Honor (2018)  Episode 3","https://kissasian.la/your-honor-2018-episode-3/","https://asianembed.io/streaming.php?id=MTQ3NjIx&title=+Your+Honor+%282018%29++episode+3&typesub=SUB"
"1647238386-33","https://kissasian.la/asian-drama-list/","Youre the Best Lee Soon Shin","https://kissasian.la/youre-the-best-lee-soon-shin/","Youre the Best Lee Soon Shin Episode 1","https://kissasian.la/youre-the-best-lee-soon-shin-episode-1/","https://asianembed.io/streaming.php?id=MTIyMTg=&title=Youre+the+Best+Lee+Soon+Shin+episode+1&typesub=SUB"
"1647238579-74","https://kissasian.la/asian-drama-list/","Youre the Best Lee Soon Shin","https://kissasian.la/youre-the-best-lee-soon-shin/","Youre the Best Lee Soon Shin Episode 42","https://kissasian.la/youre-the-best-lee-soon-shin-episode-42/","https://asianembed.io/streaming.php?id=MTIyNjA=&title=Youre+the+Best+Lee+Soon+Shin+episode+42&typesub=SUB"
"1647238762-105","https://kissasian.la/asian-drama-list/","Youre All Surrounded","https://kissasian.la/youre-all-surrounded/","Youre All Surrounded Episode 6","https://kissasian.la/youre-all-surrounded-episode-6/","https://asianembed.io/streaming.php?id=MTU1NzQ=&title=Youre+All+Surrounded+episode+6&typesub=SUB"
"1647238607-80","https://kissasian.la/asian-drama-list/","Youre the Best Lee Soon Shin","https://kissasian.la/youre-the-best-lee-soon-shin/","Youre the Best Lee Soon Shin Episode 48","https://kissasian.la/youre-the-best-lee-soon-shin-episode-48/","https://asianembed.io/streaming.php?id=MTIyNjY=&title=Youre+the+Best+Lee+Soon+Shin+episode+48&typesub=SUB"
"1647239141-179","https://kissasian.la/asian-drama-list/","You Drive Me Crazy!","https://kissasian.la/you-drive-me-crazy/","You Drive Me Crazy! Episode 4","https://kissasian.la/you-drive-me-crazy-episode-4/","https://asianembed.io/streaming.php?id=MTQyMDE4&title=You+Drive+Me+Crazy%21+episode+4&typesub=SUB"
"1647239758-277","https://kissasian.la/asian-drama-list/","You Are The Only One","https://kissasian.la/you-are-the-only-one/","You Are The Only One Episode 48","https://kissasian.la/you-are-the-only-one-episode-48/","https://asianembed.io/streaming.php?id=NDcxOTM=&title=You+Are+The+Only+One+episode+48&typesub=SUB"
"1647238574-73","https://kissasian.la/asian-drama-list/","Youre the Best Lee Soon Shin","https://kissasian.la/youre-the-best-lee-soon-shin/","Youre the Best Lee Soon Shin Episode 41","https://kissasian.la/youre-the-best-lee-soon-shin-episode-41/","https://asianembed.io/streaming.php?id=MTIyNTk=&title=Youre+the+Best+Lee+Soon+Shin+episode+41&typesub=SUB"
"1647239665-268","https://kissasian.la/asian-drama-list/","You Are The Only One","https://kissasian.la/you-are-the-only-one/","You Are The Only One Episode 39","https://kissasian.la/you-are-the-only-one-episode-39/","https://asianembed.io/streaming.php?id=NDQ4NzI=&title=You+Are+The+Only+One+episode+39&typesub=SUB"
"1647238625-83","https://kissasian.la/asian-drama-list/","Youre Beautiful","https://kissasian.la/youre-beautiful/","Youre Beautiful Episode 1","https://kissasian.la/youre-beautiful-episode-1/","https://asianembed.io/streaming.php?id=NDg5Ng==&title=Youre+Beautiful+episode+1&typesub=SUB"
"1647239517-251","https://kissasian.la/asian-drama-list/","You Are The Only One","https://kissasian.la/you-are-the-only-one/","You Are The Only One Episode 22","https://kissasian.la/you-are-the-only-one-episode-22/","https://asianembed.io/streaming.php?id=NDIzNDI=&title=You+Are+The+Only+One+episode+22&typesub=SUB"
"1647239191-189","https://kissasian.la/asian-drama-list/","You Are Too Much","https://kissasian.la/you-are-too-much/","You Are Too Much Episode 10","https://kissasian.la/you-are-too-much-episode-10/","https://asianembed.io/streaming.php?id=MTA5NTc2&title=You+Are+Too+Much+episode+10&typesub=SUB"
"1647238813-116","https://kissasian.la/asian-drama-list/","Youre All Surrounded","https://kissasian.la/youre-all-surrounded/","Youre All Surrounded Episode 17","https://kissasian.la/youre-all-surrounded-episode-17/","https://asianembed.io/streaming.php?id=MTk1NDQ=&title=Youre+All+Surrounded+episode+17&typesub=SUB"
"1647239458-242","https://kissasian.la/asian-drama-list/","You Are The Only One","https://kissasian.la/you-are-the-only-one/","You Are The Only One Episode 13","https://kissasian.la/you-are-the-only-one-episode-13/","https://asianembed.io/streaming.php?id=Mzk5OTI=&title=You+Are+The+Only+One+episode+13&typesub=SUB"
"1647239405-231","https://kissasian.la/asian-drama-list/","You Are The Only One","https://kissasian.la/you-are-the-only-one/","You Are The Only One Episode 2","https://kissasian.la/you-are-the-only-one-episode-2/","https://asianembed.io/streaming.php?id=MzY2OTM=&title=You+Are+The+Only+One+episode+2&typesub=SUB"
"1647238630-84","https://kissasian.la/asian-drama-list/","Youre Beautiful","https://kissasian.la/youre-beautiful/","Youre Beautiful Episode 2","https://kissasian.la/youre-beautiful-episode-2/","https://asianembed.io/streaming.php?id=NDg5NA==&title=Youre+Beautiful+episode+2&typesub=SUB"
"1647238249-12","https://kissasian.la/asian-drama-list/","Yumi’s Cells (2021)","https://kissasian.la/yumis-cells-2021/","Yumi’s Cells (2021) Episode 10","https://kissasian.la/yumis-cells-2021-episode-10/","https://asianembed.io/streaming.php?id=MjgzNjMw&title=Yumi%27s+Cells+%282021%29+episode+10&typesub=SUB"
"1647239238-199","https://kissasian.la/asian-drama-list/","You Are Too Much","https://kissasian.la/you-are-too-much/","You Are Too Much Episode 20","https://kissasian.la/you-are-too-much-episode-20/","https://asianembed.io/streaming.php?id=MTEzNDEy&title=You+Are+Too+Much+episode+20&typesub=SUB"
"1647239652-266","https://kissasian.la/asian-drama-list/","You Are The Only One","https://kissasian.la/you-are-the-only-one/","You Are The Only One Episode 37","https://kissasian.la/you-are-the-only-one-episode-37/","https://asianembed.io/streaming.php?id=NDQ1MTY=&title=You+Are+The+Only+One+episode+37&typesub=SUB"
"1647238514-60","https://kissasian.la/asian-drama-list/","Youre the Best Lee Soon Shin","https://kissasian.la/youre-the-best-lee-soon-shin/","Youre the Best Lee Soon Shin Episode 28","https://kissasian.la/youre-the-best-lee-soon-shin-episode-28/","https://asianembed.io/streaming.php?id=MTIyNDY=&title=Youre+the+Best+Lee+Soon+Shin+episode+28&typesub=SUB"
"1647238480-53","https://kissasian.la/asian-drama-list/","Youre the Best Lee Soon Shin","https://kissasian.la/youre-the-best-lee-soon-shin/","Youre the Best Lee Soon Shin Episode 21","https://kissasian.la/youre-the-best-lee-soon-shin-episode-21/","https://asianembed.io/streaming.php?id=MTIyMzk=&title=Youre+the+Best+Lee+Soon+Shin+episode+21&typesub=SUB"
"1647238273-15","https://kissasian.la/asian-drama-list/","Yumi’s Cells (2021)","https://kissasian.la/yumis-cells-2021/","Yumi’s Cells (2021) Episode 13","https://kissasian.la/yumis-cells-2021-episode-13/","https://asianembed.io/streaming.php?id=Mjg2MDI5&title=Yumi%27s+Cells+%282021%29+episode+13&typesub=SUB"
"1647239289-209","https://kissasian.la/asian-drama-list/","You Are Too Much","https://kissasian.la/you-are-too-much/","You Are Too Much Episode 30","https://kissasian.la/you-are-too-much-episode-30/","https://asianembed.io/streaming.php?id=MTE2Mzc2&title=You+Are+Too+Much+episode+30&typesub=SUB"
"1647238818-117","https://kissasian.la/asian-drama-list/","Youre All Surrounded","https://kissasian.la/youre-all-surrounded/","Youre All Surrounded Episode 18","https://kissasian.la/youre-all-surrounded-episode-18/","https://asianembed.io/streaming.php?id=MTk1NDU=&title=Youre+All+Surrounded+episode+18&typesub=SUB"
"1647238428-42","https://kissasian.la/asian-drama-list/","Youre the Best Lee Soon Shin","https://kissasian.la/youre-the-best-lee-soon-shin/","Youre the Best Lee Soon Shin Episode 10","https://kissasian.la/youre-the-best-lee-soon-shin-episode-10/","https://asianembed.io/streaming.php?id=MTIyMjg=&title=Youre+the+Best+Lee+Soon+Shin+episode+10&typesub=SUB"
"1647239612-261","https://kissasian.la/asian-drama-list/","You Are The Only One","https://kissasian.la/you-are-the-only-one/","You Are The Only One Episode 32","https://kissasian.la/you-are-the-only-one-episode-32/","https://asianembed.io/streaming.php?id=NDM4NTM=&title=You+Are+The+Only+One+episode+32&typesub=SUB"
"1647239379-227","https://kissasian.la/asian-drama-list/","You Are Too Much","https://kissasian.la/you-are-too-much/","You Are Too Much Episode 48","https://kissasian.la/you-are-too-much-episode-48/","https://asianembed.io/streaming.php?id=MTIxODAy&title=You+Are+Too+Much+episode+48&typesub=SUB"
"1647238753-103","https://kissasian.la/asian-drama-list/","Youre All Surrounded","https://kissasian.la/youre-all-surrounded/","Youre All Surrounded Episode 4","https://kissasian.la/youre-all-surrounded-episode-4/","https://asianembed.io/streaming.php?id=MTUxODM=&title=Youre+All+Surrounded+episode+4&typesub=SUB"
"1647238900-132","https://kissasian.la/asian-drama-list/","Your House Helper","https://kissasian.la/your-house-helper/","Your House Helper Episode 5","https://kissasian.la/your-house-helper-episode-5/","https://asianembed.io/streaming.php?id=MTQ2NzI1&title=Your+House+Helper+episode+5&typesub=SUB"
"1647238527-63","https://kissasian.la/asian-drama-list/","Youre the Best Lee Soon Shin","https://kissasian.la/youre-the-best-lee-soon-shin/","Youre the Best Lee Soon Shin Episode 31","https://kissasian.la/youre-the-best-lee-soon-shin-episode-31/","https://asianembed.io/streaming.php?id=MTIyNDk=&title=Youre+the+Best+Lee+Soon+Shin+episode+31&typesub=SUB"
"1647238635-85","https://kissasian.la/asian-drama-list/","Youre Beautiful","https://kissasian.la/youre-beautiful/","Youre Beautiful Episode 3","https://kissasian.la/youre-beautiful-episode-3/","https://asianembed.io/streaming.php?id=NDg5NQ==&title=Youre+Beautiful+episode+3&typesub=SUB"
"1647238264-14","https://kissasian.la/asian-drama-list/","Yumi’s Cells (2021)","https://kissasian.la/yumis-cells-2021/","Yumi’s Cells (2021) Episode 12","https://kissasian.la/yumis-cells-2021-episode-12/","https://asianembed.io/streaming.php?id=Mjg0NTY0&title=Yumi%27s+Cells+%282021%29+episode+12&typesub=SUB"
"1647239210-193","https://kissasian.la/asian-drama-list/","You Are Too Much","https://kissasian.la/you-are-too-much/","You Are Too Much Episode 14","https://kissasian.la/you-are-too-much-episode-14/","https://asianembed.io/streaming.php?id=MTEwODEx&title=You+Are+Too+Much+episode+14&typesub=SUB"
"1647239247-200","https://kissasian.la/asian-drama-list/","You Are Too Much","https://kissasian.la/you-are-too-much/","You Are Too Much Episode 21","https://kissasian.la/you-are-too-much-episode-21/","https://asianembed.io/streaming.php?id=MTEzNDEz&title=You+Are+Too+Much+episode+21&typesub=SUB"
"1647239562-257","https://kissasian.la/asian-drama-list/","You Are The Only One","https://kissasian.la/you-are-the-only-one/","You Are The Only One Episode 28","https://kissasian.la/you-are-the-only-one-episode-28/","https://asianembed.io/streaming.php?id=NDM1NTE=&title=You+Are+The+Only+One+episode+28&typesub=SUB"
"1647238532-64","https://kissasian.la/asian-drama-list/","Youre the Best Lee Soon Shin","https://kissasian.la/youre-the-best-lee-soon-shin/","Youre the Best Lee Soon Shin Episode 32","https://kissasian.la/youre-the-best-lee-soon-shin-episode-32/","https://asianembed.io/streaming.php?id=MTIyNTA=&title=Youre+the+Best+Lee+Soon+Shin+episode+32&typesub=SUB"
"1647238224-8","https://kissasian.la/asian-drama-list/","Yumi’s Cells (2021)","https://kissasian.la/yumis-cells-2021/","Yumi’s Cells (2021) Episode 6","https://kissasian.la/yumis-cells-2021-episode-6/","https://asianembed.io/streaming.php?id=MjgxMjU4&title=Yumi%27s+Cells+%282021%29+episode+6&typesub=SUB"
"1647239019-156","https://kissasian.la/asian-drama-list/","Your Honor (2018)","https://kissasian.la/your-honor-2018/","Your Honor (2018)  Episode 13","https://kissasian.la/your-honor-2018-episode-13/","https://asianembed.io/streaming.php?id=MTUwMDk0&title=+Your+Honor+%282018%29++episode+13&typesub=SUB"
